ID,Price
21100001,381053.88
21100002,1030675.4
21100003,1508388.0
21100004,2448481.0
21100005,2910028.2
21100006,2646008.8
21100007,3258095.2
21100008,2453188.2
21100009,368438.38
21100010,1214487.1
21100011,3415415.0
21100012,1388900.9
21100013,1591963.5
21100014,1928561.6
21100015,784102.4
21100016,1029709.4
21100017,2299801.0
21100018,256353.95
21100019,720554.44
21100020,451334.97
21100021,234380.86
21100022,713901.75
21100023,347104.1
21100024,492536.72
21100025,1419807.9
21100026,3007828.2
21100027,990058.3
21100028,432603.84
21100029,827194.06
21100030,1537850.1
21100031,678986.7
21100032,638397.3
21100033,1128948.4
21100034,1238791.9
21100035,759917.2
21100036,331662.47
21100037,680421.8
21100038,904685.7
21100039,966785.9
21100040,746985.4
21100041,2195671.8
21100042,296493.44
21100043,967526.06
21100044,245867.23
21100045,649522.8
21100046,670271.4
21100047,1246383.6
21100048,704924.0
21100049,2273767.2
21100050,1326357.8
21100051,368909.8
21100052,709096.4
21100053,2099767.5
21100054,967203.4
21100055,162673.7
21100056,1622064.2
21100057,521636.1
21100058,1410941.5
21100059,351623.47
21100060,1019979.2
21100061,207236.58
21100062,853017.9
21100063,1897199.9
21100064,561329.3
21100065,657527.1
21100066,285227.72
21100067,2708901.5
21100068,1001348.6
21100069,658970.4
21100070,1520030.0
21100071,1549256.5
21100072,2272005.8
21100073,681957.75
21100074,2144899.8
21100075,767524.3
21100076,701575.2
21100077,293977.44
21100078,357454.44
21100079,832458.6
21100080,2671357.2
21100081,317197.7
21100082,583896.4
21100083,1216617.0
21100084,472329.78
21100085,470245.78
21100086,159473.05
21100087,633558.75
21100088,143686.55
21100089,881703.75
21100090,659813.1
21100091,2255952.2
21100092,2619366.5
21100093,177218.25
21100094,3015903.2
21100095,683644.5
21100096,497877.06
21100097,696444.4
21100098,1081491.6
21100099,1432028.2
21100100,2427293.5
21100101,958557.44
21100102,840936.1
21100103,420638.06
21100104,1020982.94
21100105,410664.1
21100106,766264.25
21100107,3906259.2
21100108,412612.53
21100109,1841897.0
21100110,256395.42
21100111,426130.38
21100112,285690.4
21100113,1657546.0
21100114,5086843.5
21100115,514336.7
21100116,131177.4
21100117,558661.8
21100118,416155.22
21100119,1909898.1
21100120,985220.9
21100121,1690513.2
21100122,684071.4
21100123,250524.86
21100124,1685653.5
21100125,810393.9
21100126,309664.9
21100127,655807.94
21100128,654216.06
21100129,1909797.5
21100130,2340152.5
21100131,621194.8
21100132,742373.3
21100133,326707.0
21100134,2718043.8
21100135,1033193.7
21100136,304738.4
21100137,393540.7
21100138,1010178.6
21100139,482092.6
21100140,2987389.8
21100141,1611566.4
21100142,1142095.2
21100143,815648.75
21100144,2015281.4
21100145,586769.44
21100146,1012098.6
21100147,1073320.0
21100148,1345695.1
21100149,1103002.8
21100150,857905.75
21100151,834270.94
21100152,1481234.1
21100153,3296624.5
21100154,1657788.6
21100155,1489471.2
21100156,912095.4
21100157,194228.12
21100158,1025726.94
21100159,861422.4
21100160,766264.25
21100161,636757.25
21100162,1258797.8
21100163,713080.9
21100164,1324074.6
21100165,1037321.4
21100166,2585274.0
21100167,214066.81
21100168,982306.1
21100169,941468.4
21100170,573535.7
21100171,1655855.4
21100172,1128256.5
21100173,960139.0
21100174,1886025.9
21100175,519436.3
21100176,834148.94
21100177,587702.5
21100178,2539193.8
21100179,1137831.1
21100180,1169271.0
21100181,587250.75
21100182,1948158.6
21100183,877492.06
21100184,353681.28
21100185,420435.94
21100186,1444902.8
21100187,182483.14
21100188,746628.7
21100189,575232.8
21100190,679881.5
21100191,953113.06
21100192,970740.06
21100193,2030864.1
21100194,926630.9
21100195,456624.66
21100196,421589.62
21100197,721184.44
21100198,3447504.8
21100199,419286.84
21100200,544022.3
21100201,533599.9
21100202,801036.0
21100203,1353105.6
21100204,1239330.6
21100205,467029.62
21100206,748073.6
21100207,1480654.1
21100208,1252881.4
21100209,749341.25
21100210,761608.3
21100211,1554985.5
21100212,517434.78
21100213,1650998.1
21100214,1549636.8
21100215,420766.8
21100216,1746035.6
21100217,1378272.5
21100218,374234.75
21100219,486325.56
21100220,323497.28
21100221,2008971.4
21100222,960139.0
21100223,1036383.4
21100224,662245.75
21100225,371415.28
21100226,366079.56
21100227,501115.2
21100228,2348333.2
21100229,1056654.5
21100230,1133939.6
21100231,1682773.8
21100232,896106.5
21100233,959966.5
21100234,596458.44
21100235,1228330.0
21100236,2980708.0
21100237,499859.06
21100238,354174.03
21100239,1386307.2
21100240,624480.94
21100241,1714902.0
21100242,879360.2
21100243,927615.25
21100244,951977.8
21100245,4671986.5
21100246,375247.56
21100247,1954389.6
21100248,1492328.0
21100249,167641.58
21100250,1355100.9
21100251,460505.3
21100252,566591.75
21100253,1043701.3
21100254,493377.72
21100255,1978702.9
21100256,802920.1
21100257,683143.3
21100258,1462234.0
21100259,316864.03
21100260,2030561.0
21100261,625504.3
21100262,282980.03
21100263,1260271.1
21100264,771499.2
21100265,127762.23
21100266,770038.5
21100267,434697.3
21100268,396262.25
21100269,1503369.4
21100270,1043701.3
21100271,493377.72
21100272,730365.2
21100273,706981.75
21100274,715289.2
21100275,2024529.2
21100276,303809.03
21100277,381455.4
21100278,1578732.5
21100279,478559.2
21100280,831283.6
21100281,1595705.0
21100282,1576510.8
21100283,801157.4
21100284,1600075.9
21100285,1077848.9
21100286,554844.75
21100287,679446.7
21100288,557725.56
21100289,414440.28
21100290,157478.5
21100291,665895.3
21100292,823336.7
21100293,2036533.4
21100294,1857358.6
21100295,684880.5
21100296,1035634.6
21100297,601407.2
21100298,390995.03
21100299,1934906.6
21100300,323292.38
21100301,764835.5
21100302,1683608.4
21100303,206015.34
21100304,1772020.1
21100305,1324153.5
21100306,2002542.2
21100307,121667.336
21100308,864534.7
21100309,739700.25
21100310,985122.06
21100311,665736.7
21100312,848574.0
21100313,555973.75
21100314,853143.4
21100315,626289.1
21100316,909085.3
21100317,758421.5
21100318,939568.9
21100319,1567963.2
21100320,1539114.1
21100321,1104483.9
21100322,3767250.5
21100323,839441.06
21100324,1047955.7
21100325,903845.7
21100326,1562191.0
21100327,270005.47
21100328,713313.56
21100329,630393.44
21100330,663186.2
21100331,1037228.8
21100332,320687.8
21100333,1069984.4
21100334,1066793.2
21100335,2722712.5
21100336,1643869.0
21100337,566768.0
21100338,1379831.5
21100339,724515.44
21100340,1194076.5
21100341,1670871.5
21100342,774242.5
21100343,1016228.75
21100344,920922.2
21100345,108136.32
21100346,3111606.2
21100347,313960.56
21100348,1826265.2
21100349,683143.3
21100350,1736008.1
21100351,451933.53
21100352,405759.84
21100353,804084.6
21100354,1600776.4
21100355,816238.8
21100356,867500.3
21100357,603250.0
21100358,1791291.2
21100359,324792.84
21100360,822379.7
21100361,189839.5
21100362,972721.9
21100363,2550953.8
21100364,148510.73
21100365,822422.8
21100366,1231305.5
21100367,986248.2
21100368,978950.9
21100369,371540.12
21100370,1307002.2
21100371,450485.66
21100372,2166186.8
21100373,2028713.4
21100374,585282.7
21100375,716606.5
21100376,524716.0
21100377,1716323.9
21100378,1239591.4
21100379,969074.56
21100380,152197.0
21100381,1457840.4
21100382,162829.5
21100383,937124.75
21100384,707412.06
21100385,444706.06
21100386,1320267.2
21100387,1537772.1
21100388,1432202.4
21100389,524559.9
21100390,1563258.9
21100391,805095.4
21100392,1084706.0
21100393,146094.86
21100394,715776.3
21100395,755431.4
21100396,1092009.4
21100397,979615.9
21100398,1086411.0
21100399,939781.6
21100400,564431.5
21100401,1993212.2
21100402,1254048.1
21100403,245685.61
21100404,1150557.5
21100405,572841.06
21100406,789034.75
21100407,1293806.6
21100408,2029312.2
21100409,519139.03
21100410,267799.1
21100411,2029907.5
21100412,1239866.9
21100413,2119949.8
21100414,644775.5
21100415,1869137.1
21100416,1480619.5
21100417,1320132.6
21100418,1327058.8
21100419,986248.2
21100420,2154348.8
21100421,494812.94
21100422,213629.9
21100423,1084001.4
21100424,585354.1
21100425,237423.89
21100426,608620.2
21100427,683143.3
21100428,904869.94
21100429,562367.0
21100430,755477.94
21100431,1345695.1
21100432,427826.84
21100433,1049935.5
21100434,2301277.0
21100435,1390702.4
21100436,654763.3
21100437,991244.0
21100438,133828.83
21100439,2214914.0
21100440,4322061.5
21100441,59469.977
21100442,1318992.6
21100443,1404139.4
21100444,379450.62
21100445,460720.0
21100446,2544807.8
21100447,45517.547
21100448,587892.6
21100449,516434.28
21100450,163347.73
21100451,973616.8
21100452,1432717.4
21100453,192067.11
21100454,207643.48
21100455,1838694.0
21100456,161438.45
21100457,608883.8
21100458,994600.7
21100459,683143.3
21100460,1599145.5
21100461,715425.6
21100462,441499.53
21100463,971191.8
21100464,978950.9
21100465,2258354.2
21100466,109488.35
21100467,868263.56
21100468,208611.4
21100469,2097583.5
21100470,2295116.2
21100471,2687803.0
21100472,2657618.5
21100473,66284.54
21100474,1798647.1
21100475,749243.8
21100476,2056990.1
21100477,1002594.8
21100478,373484.5
21100479,1580442.8
21100480,1723341.4
21100481,176085.73
21100482,971304.4
21100483,2458897.5
21100484,1562878.2
21100485,285252.22
21100486,999833.75
21100487,819763.94
21100488,356104.4
21100489,1888182.6
21100490,457421.97
21100491,806849.7
21100492,2008971.4
21100493,899666.7
21100494,3037903.8
21100495,1622539.5
21100496,1852041.9
21100497,681843.94
21100498,253184.67
21100499,521140.1
21100500,2314519.5
21100501,490539.3
21100502,1859726.8
21100503,522684.38
21100504,126782.445
21100505,557486.7
21100506,789655.0
21100507,524727.6
21100508,2034851.4
21100509,669300.94
21100510,1257041.9
21100511,821204.44
21100512,1952010.2
21100513,566047.2
21100514,330786.62
21100515,144881.05
21100516,957936.2
21100517,1205422.6
21100518,2956213.0
21100519,537379.6
21100520,748084.06
21100521,4204085.0
21100522,1290756.8
21100523,1134864.6
21100524,646637.2
21100525,123920.234
21100526,709096.4
21100527,391427.66
21100528,680421.8
21100529,946068.2
21100530,876401.56
21100531,238430.7
21100532,948002.5
21100533,222414.89
21100534,208031.88
21100535,625212.2
21100536,1534348.0
21100537,436618.88
21100538,672147.25
21100539,367494.03
21100540,893613.06
21100541,683143.3
21100542,1689678.2
21100543,912797.9
21100544,393603.66
21100545,256708.78
21100546,3054180.8
21100547,840134.6
21100548,1055155.1
21100549,208985.38
21100550,817886.8
21100551,678621.5
21100552,906372.1
21100553,1578830.6
21100554,1934481.0
21100555,269800.03
21100556,445059.38
21100557,1711205.9
21100558,522721.8
21100559,351631.28
21100560,1229411.0
21100561,310322.34
21100562,1385488.5
21100563,346331.16
21100564,296860.06
21100565,447746.2
21100566,941547.44
21100567,1769702.5
21100568,311563.28
21100569,1747583.4
21100570,232163.81
21100571,522818.34
21100572,1876657.0
21100573,1214009.2
21100574,1694267.1
21100575,1337549.8
21100576,107626.38
21100577,299161.4
21100578,1989398.9
21100579,520383.4
21100580,2839410.2
21100581,555000.2
21100582,434185.6
21100583,1116861.9
21100584,683143.3
21100585,133007.62
21100586,313546.4
21100587,288627.03
21100588,1034760.94
21100589,880802.25
21100590,1514003.0
21100591,412537.38
21100592,211414.72
21100593,1716382.1
21100594,1103168.1
21100595,1228278.1
21100596,1292894.9
21100597,2142512.8
21100598,682688.56
21100599,734212.06
21100600,736971.94
21100601,1353605.9
21100602,1304564.8
21100603,416467.34
21100604,150067.69
21100605,349483.75
21100606,2604570.0
21100607,699988.7
21100608,1115541.1
21100609,1528065.8
21100610,900738.06
21100611,1641165.1
21100612,1228943.6
21100613,1015655.06
21100614,3457205.2
21100615,1223758.6
21100616,876401.56
21100617,910700.06
21100618,1613539.0
21100619,613662.4
21100620,647581.3
21100621,1597207.5
21100622,1623387.6
21100623,1244827.0
21100624,667317.0
21100625,1396495.5
21100626,1418478.5
21100627,2693243.5
21100628,667569.44
21100629,765768.0
21100630,182866.62
21100631,767524.3
21100632,683143.3
21100633,816915.25
21100634,736137.2
21100635,989098.94
21100636,222834.58
21100637,2127269.2
21100638,2073674.8
21100639,4695415.5
21100640,1458787.1
21100641,68892.57
21100642,591768.75
21100643,455229.8
21100644,707307.3
21100645,1114296.6
21100646,1205689.5
21100647,393603.66
21100648,901497.6
21100649,270616.44
21100650,2127266.2
21100651,638333.0
21100652,1719138.2
21100653,469097.78
21100654,901584.6
21100655,322369.06
21100656,164763.73
21100657,900841.5
21100658,1408340.8
21100659,1976470.1
21100660,1063099.4
21100661,2657549.5
21100662,1950730.5
21100663,934300.44
21100664,1958816.5
21100665,361132.47
21100666,1562191.0
21100667,1187312.8
21100668,1956976.8
21100669,2556639.5
21100670,686179.1
21100671,108814.68
21100672,319323.72
21100673,267528.4
21100674,1141370.1
21100675,315165.16
21100676,214902.2
21100677,215591.55
21100678,1859514.9
21100679,941468.4
21100680,2061190.9
21100681,536446.56
21100682,762591.8
21100683,1046798.8
21100684,649817.8
21100685,599883.1
21100686,657286.44
21100687,1220900.9
21100688,1448448.8
21100689,933230.4
21100690,950437.9
21100691,886700.5
21100692,106955.19
21100693,696540.94
21100694,621697.9
21100695,240775.23
21100696,1310881.5
21100697,3018517.2
21100698,466198.47
21100699,2072155.9
21100700,188608.67
21100701,782493.6
21100702,972861.4
21100703,3609670.8
21100704,1803482.1
21100705,721018.1
21100706,1981190.1
21100707,1127185.1
21100708,1840168.9
21100709,1778984.9
21100710,1021000.06
21100711,1065858.9
21100712,1504076.1
21100713,2692579.5
21100714,1018891.8
21100715,5222101.5
21100716,791538.7
21100717,2980734.2
21100718,645492.6
21100719,492150.53
21100720,986929.4
21100721,2595904.0
21100722,710680.1
21100723,857559.5
21100724,1419018.4
21100725,121667.336
21100726,973959.25
21100727,912316.44
21100728,1297087.9
21100729,91819.836
21100730,1292894.9
21100731,288019.97
21100732,937129.5
21100733,145327.44
21100734,1461856.9
21100735,450531.8
21100736,196334.8
21100737,881377.6
21100738,3579193.0
21100739,164334.64
21100740,922947.44
21100741,497284.56
21100742,803660.5
21100743,2025679.4
21100744,1390674.2
21100745,2694591.5
21100746,1590916.9
21100747,204296.8
21100748,1480507.4
21100749,321900.62
21100750,537428.2
21100751,1136303.5
21100752,906835.1
21100753,2234331.2
21100754,2266583.2
21100755,683143.3
21100756,1291580.6
21100757,1221724.5
21100758,1032769.2
21100759,714569.75
21100760,403476.66
21100761,725202.6
21100762,2173442.0
21100763,425420.53
21100764,690012.1
21100765,587892.25
21100766,1867844.6
21100767,823853.94
21100768,1946617.6
21100769,709382.8
21100770,202478.9
21100771,347244.5
21100772,121654.164
21100773,1909797.5
21100774,360212.28
21100775,1127995.1
21100776,2224665.2
21100777,259618.27
21100778,1547389.5
21100779,963525.8
21100780,678833.2
21100781,1476556.9
21100782,442995.97
21100783,1120751.4
21100784,1979689.2
21100785,791890.7
21100786,1571880.5
21100787,1341439.1
21100788,2545517.5
21100789,421657.9
21100790,933243.7
21100791,618978.56
21100792,736708.4
21100793,654763.3
21100794,388089.2
21100795,1362901.9
21100796,144815.55
21100797,767613.9
21100798,337821.88
21100799,1045534.25
21100800,107460.734
21100801,838091.2
21100802,191217.42
21100803,1345914.6
21100804,1414450.4
21100805,638333.0
21100806,759386.6
21100807,522064.56
21100808,1713694.4
21100809,944884.3
21100810,1330030.4
21100811,1492657.1
21100812,1043177.56
21100813,707090.44
21100814,411946.94
21100815,1142734.9
21100816,523202.6
21100817,611905.25
21100818,1123419.4
21100819,903564.3
21100820,1701569.6
21100821,2801252.5
21100822,1220575.0
21100823,2733711.2
21100824,1824586.8
21100825,2311081.0
21100826,1073089.0
21100827,1348499.4
21100828,587892.25
21100829,990960.06
21100830,1396052.8
21100831,794943.75
21100832,2150392.5
21100833,608537.0
21100834,389207.0
21100835,1492328.0
21100836,596349.6
21100837,821459.06
21100838,685340.06
21100839,1730026.1
21100840,198504.78
21100841,1592635.1
21100842,4278176.0
21100843,1067462.1
21100844,3339050.0
21100845,918325.2
21100846,1023435.7
21100847,2721694.8
21100848,1566240.9
21100849,462543.9
21100850,312346.03
21100851,941468.4
21100852,983839.25
21100853,902496.7
21100854,966092.4
21100855,1187312.8
21100856,404787.78
21100857,1409982.2
21100858,1341725.4
21100859,378351.47
21100860,1181396.4
21100861,2207341.8
21100862,3102491.8
21100863,828350.8
21100864,424952.53
21100865,908199.8
21100866,732110.3
21100867,933941.2
21100868,280737.4
21100869,510954.47
21100870,1736120.0
21100871,2331857.0
21100872,2148817.2
21100873,501155.38
21100874,639663.2
21100875,685291.1
21100876,3586244.0
21100877,1173214.4
21100878,1364250.4
21100879,745976.9
21100880,364905.4
21100881,733156.06
21100882,246876.61
21100883,2124888.5
21100884,419430.06
21100885,893179.6
21100886,798684.0
21100887,685137.2
21100888,641998.44
21100889,566815.4
21100890,2743380.2
21100891,1187418.5
21100892,1310902.0
21100893,422634.97
21100894,1412029.0
21100895,1020666.4
21100896,871205.3
21100897,868481.1
21100898,607626.2
21100899,810472.44
21100900,1248580.9
21100901,2085438.4
21100902,659482.56
21100903,1874054.1
21100904,527445.7
21100905,835186.5
21100906,2698083.0
21100907,752468.1
21100908,455057.94
21100909,1253599.9
21100910,943856.94
21100911,2217748.5
21100912,550115.75
21100913,661548.3
21100914,1116795.8
21100915,480105.25
21100916,1361432.8
21100917,558171.1
21100918,367767.75
21100919,939781.6
21100920,1654845.0
21100921,612055.06
21100922,352350.97
21100923,976049.3
21100924,380212.0
21100925,1002973.94
21100926,961360.06
21100927,438710.0
21100928,355866.66
21100929,1121016.8
21100930,306884.22
21100931,1958395.0
21100932,905019.7
21100933,475782.97
21100934,663709.44
21100935,828142.9
21100936,1136306.4
21100937,1038147.06
21100938,653161.25
21100939,647932.75
21100940,690105.94
21100941,1317640.9
21100942,1140007.0
21100943,317981.84
21100944,2135426.0
21100945,1329237.6
21100946,610565.5
21100947,1075715.6
21100948,525334.56
21100949,411247.34
21100950,2620885.8
21100951,3738202.2
21100952,2644194.0
21100953,1099069.1
21100954,1371243.9
21100955,1355885.9
21100956,790202.0
21100957,446556.25
21100958,941967.7
21100959,1023828.94
21100960,338167.9
21100961,2139622.8
21100962,501140.03
21100963,209279.83
21100964,2227755.0
21100965,334452.16
21100966,363706.66
21100967,1381242.5
21100968,2052271.4
21100969,1079626.9
21100970,77520.12
21100971,406244.3
21100972,617036.1
21100973,1666346.4
21100974,1685379.6
21100975,508024.62
21100976,238126.3
21100977,1643945.1
21100978,2967167.8
21100979,642675.44
21100980,1942343.1
21100981,2743919.2
21100982,335975.38
21100983,1910061.8
21100984,691009.3
21100985,344158.1
21100986,2042877.5
21100987,802188.0
21100988,1327670.5
21100989,1476601.1
21100990,2816473.2
21100991,324232.9
21100992,266868.4
21100993,899023.56
21100994,799091.25
21100995,1938772.1
21100996,1838538.2
21100997,2044632.6
21100998,624973.7
21100999,2154914.5
21101000,208425.78
21101001,1250831.2
21101002,365193.5
21101003,539975.9
21101004,905507.9
21101005,685849.75
21101006,2966229.0
21101007,1033639.94
21101008,107650.13
21101009,832686.7
21101010,959847.25
21101011,3187620.8
21101012,612638.56
21101013,1554715.1
21101014,318215.44
21101015,1857082.8
21101016,602355.25
21101017,2583135.0
21101018,552156.0
21101019,466816.6
21101020,1736792.5
21101021,2635960.0
21101022,228348.55
21101023,4213356.0
21101024,906898.25
21101025,1658424.0
21101026,509370.22
21101027,3579861.0
21101028,653848.44
21101029,848700.44
21101030,407334.06
21101031,709550.3
21101032,541901.2
21101033,517619.47
21101034,414411.1
21101035,1732552.0
21101036,2744441.5
21101037,2523046.5
21101038,681109.0
21101039,1258797.8
21101040,749117.5
21101041,1806112.1
21101042,1216584.9
21101043,203724.81
21101044,709096.4
21101045,757879.5
21101046,1990386.2
21101047,697185.4
21101048,853143.4
21101049,683830.5
21101050,486356.97
21101051,1145754.1
21101052,277187.25
21101053,2377130.2
21101054,2360282.2
21101055,2024463.6
21101056,608765.25
21101057,668892.3
21101058,853143.4
21101059,183368.92
21101060,1026903.56
21101061,594568.44
21101062,787912.1
21101063,435559.97
21101064,457997.0
21101065,893740.94
21101066,95594.695
21101067,1233852.6
21101068,412941.97
21101069,597836.25
21101070,1749739.0
21101071,1716288.1
21101072,1120628.6
21101073,778237.8
21101074,970131.56
21101075,550115.75
21101076,1496927.8
21101077,2862999.0
21101078,266993.0
21101079,436246.72
21101080,738577.7
21101081,1345695.1
21101082,574209.75
21101083,4157350.5
21101084,1951193.8
21101085,1268504.9
21101086,770466.6
21101087,414074.4
21101088,422065.94
21101089,4614200.0
21101090,1578482.9
21101091,658736.9
21101092,1412066.1
21101093,590970.56
21101094,895289.56
21101095,452623.3
21101096,2063793.9
21101097,95864.64
21101098,5113677.0
21101099,2645458.0
21101100,763118.3
21101101,783392.9
21101102,1921964.8
21101103,773527.75
21101104,167407.36
21101105,586986.75
21101106,1496927.8
21101107,1585760.8
21101108,321431.16
21101109,2054876.0
21101110,668559.94
21101111,720561.75
21101112,434917.22
21101113,409026.47
21101114,507717.06
21101115,992669.8
21101116,879388.3
21101117,3136336.5
21101118,1764071.9
21101119,912964.5
21101120,1324074.6
21101121,991845.25
21101122,238775.88
21101123,809473.44
21101124,309901.3
21101125,366342.97
21101126,797606.9
21101127,1798018.9
21101128,1597163.6
21101129,397898.22
21101130,1247331.2
21101131,1682797.6
21101132,1593040.4
21101133,2186437.8
21101134,316764.7
21101135,1522613.4
21101136,1912107.8
21101137,692025.25
21101138,960139.0
21101139,1254239.8
21101140,551753.6
21101141,1677383.2
21101142,1550362.5
21101143,2039045.2
21101144,366367.88
21101145,1016717.44
21101146,1896615.2
21101147,478749.7
21101148,1239396.2
21101149,1045694.2
21101150,1088449.5
21101151,668004.2
21101152,328618.34
21101153,2399629.0
21101154,343164.53
21101155,385515.84
21101156,807167.56
21101157,1348499.4
21101158,2906342.2
21101159,1298794.6
21101160,291816.06
21101161,885703.25
21101162,354301.3
21101163,395512.84
21101164,457764.22
21101165,769781.7
21101166,397476.28
21101167,1305720.6
21101168,625936.3
21101169,1793322.4
21101170,1701398.5
21101171,523910.4
21101172,436879.72
21101173,1134814.5
21101174,297363.97
21101175,176172.05
21101176,1442182.4
21101177,542868.75
21101178,2334526.5
21101179,702711.7
21101180,1978041.0
21101181,1426085.9
21101182,769958.56
21101183,1964529.5
21101184,825068.94
21101185,639152.25
21101186,2841965.2
21101187,1862776.1
21101188,482896.6
21101189,480601.75
21101190,398527.0
21101191,2274505.8
21101192,413485.22
21101193,1011275.44
21101194,1438205.5
21101195,2526228.0
21101196,1125533.0
21101197,1266533.1
21101198,3194037.0
21101199,2436943.2
21101200,1574524.5
21101201,3610704.2
21101202,163753.23
21101203,553808.44
21101204,1141206.8
21101205,1332167.4
21101206,2358444.8
21101207,1387533.1
21101208,824811.0
21101209,1338983.9
21101210,2640010.5
21101211,2931025.8
21101212,683143.3
21101213,828733.94
21101214,2071111.2
21101215,630028.4
21101216,2001253.2
21101217,955785.8
21101218,1327049.4
21101219,2929369.5
21101220,2378054.5
21101221,2555537.8
21101222,781504.1
21101223,926446.4
21101224,996975.4
21101225,2246762.5
21101226,439747.47
21101227,1632076.6
21101228,760599.4
21101229,975483.25
21101230,4684404.5
21101231,709096.4
21101232,1189692.2
21101233,1708609.9
21101234,1257287.4
21101235,1468003.1
21101236,1734450.6
21101237,811359.7
21101238,802611.1
21101239,1417501.8
21101240,944021.06
21101241,2098792.5
21101242,2275752.2
21101243,1460308.1
21101244,234908.48
21101245,1064964.1
21101246,881701.9
21101247,533555.44
21101248,597684.1
21101249,415253.97
21101250,934824.25
21101251,488176.53
21101252,905109.25
21101253,531898.56
21101254,2034280.0
21101255,387442.47
21101256,701563.25
21101257,992466.8
21101258,788571.6
21101259,302796.75
21101260,174232.7
21101261,2832772.8
21101262,645492.6
21101263,1278476.6
21101264,652359.94
21101265,639152.25
21101266,532287.5
21101267,845445.8
21101268,264301.03
21101269,412460.0
21101270,1121745.5
21101271,1135310.8
21101272,689811.25
21101273,2199682.0
21101274,2988395.0
21101275,925372.6
21101276,276150.22
21101277,1126146.2
21101278,262475.06
21101279,1273391.1
21101280,414615.53
21101281,2415183.5
21101282,1535524.4
21101283,598334.4
21101284,382994.44
21101285,1415343.9
21101286,802505.6
21101287,1744793.6
21101288,561859.1
21101289,729546.0
21101290,194034.92
21101291,1653415.0
21101292,1037155.56
21101293,856954.6
21101294,2535163.2
21101295,957397.06
21101296,709783.56
21101297,604610.4
21101298,1256514.4
21101299,692173.6
21101300,109275.2
21101301,628874.0
21101302,348857.84
21101303,635305.2
21101304,323730.4
21101305,635428.5
21101306,923689.06
21101307,505727.6
21101308,1299585.8
21101309,3215627.5
21101310,609567.25
21101311,786986.4
21101312,750959.7
21101313,653161.25
21101314,1644205.6
21101315,1109736.0
21101316,1789105.8
21101317,1147032.5
21101318,1715242.0
21101319,26774.783
21101320,394012.88
21101321,1254262.2
21101322,645250.6
21101323,798107.0
21101324,327305.44
21101325,1486084.5
21101326,2377016.0
21101327,1080234.2
21101328,915397.06
21101329,914475.2
21101330,1865791.5
21101331,525235.56
21101332,213629.9
21101333,1122995.9
21101334,1699064.2
21101335,1458285.1
21101336,151255.6
21101337,283575.1
21101338,1145545.4
21101339,1023435.7
21101340,1380740.2
21101341,792616.0
21101342,354332.53
21101343,1902490.0
21101344,593942.56
21101345,302732.47
21101346,410606.44
21101347,192210.58
21101348,182737.42
21101349,687790.8
21101350,2196538.8
21101351,2034947.5
21101352,1265280.1
21101353,2688211.5
21101354,1335586.8
21101355,3951598.8
21101356,327879.28
21101357,575045.75
21101358,905510.9
21101359,406520.34
21101360,1461127.1
21101361,591112.44
21101362,2107639.2
21101363,823654.3
21101364,242725.03
21101365,815131.2
21101366,865775.2
21101367,426731.38
21101368,292901.12
21101369,326435.97
21101370,1278845.8
21101371,182737.42
21101372,2310844.8
21101373,726952.4
21101374,436339.38
21101375,2503226.2
21101376,1311779.4
21101377,670584.6
21101378,1542891.9
21101379,2086354.8
21101380,1019256.75
21101381,1121645.6
21101382,941468.4
21101383,440930.03
21101384,789815.44
21101385,2058165.8
21101386,118593.266
21101387,697989.5
21101388,229552.97
21101389,2329407.0
21101390,2251276.2
21101391,1204311.2
21101392,139450.64
21101393,1024344.94
21101394,2108730.0
21101395,830698.75
21101396,1442584.8
21101397,150318.89
21101398,174715.77
21101399,2595116.5
21101400,1749441.1
21101401,1163523.0
21101402,551071.1
21101403,404720.44
21101404,1755046.4
21101405,1396052.8
21101406,999174.3
21101407,890894.44
21101408,704439.44
21101409,1225736.6
21101410,1419332.0
21101411,889173.25
21101412,455614.06
21101413,1746819.8
21101414,320422.3
21101415,340846.2
21101416,1757916.8
21101417,288841.4
21101418,668605.6
21101419,4279473.5
21101420,1049935.5
21101421,1569637.2
21101422,606524.6
21101423,261047.7
21101424,1050512.6
21101425,229032.98
21101426,1676353.8
21101427,1191677.2
21101428,2170466.8
21101429,585256.25
21101430,901546.7
21101431,675116.3
21101432,893359.56
21101433,970640.44
21101434,815124.94
21101435,2064347.0
21101436,681554.06
21101437,5071847.0
21101438,1307299.2
21101439,229904.28
21101440,354461.1
21101441,1320886.5
21101442,809823.8
21101443,579576.8
21101444,331662.9
21101445,115039.26
21101446,1426050.2
21101447,422099.38
21101448,587702.5
21101449,417532.25
21101450,458475.2
21101451,1044896.1
21101452,702154.94
21101453,1706368.5
21101454,1974141.2
21101455,596056.2
21101456,636888.8
21101457,1311499.2
21101458,1564204.8
21101459,2008413.8
21101460,1160418.2
21101461,2662431.5
21101462,567425.6
21101463,366840.53
21101464,258322.94
21101465,397609.66
21101466,1305073.5
21101467,4431473.0
21101468,687255.06
21101469,1993184.1
21101470,2687256.8
21101471,2083665.6
21101472,390473.06
21101473,715201.25
21101474,449281.8
21101475,348635.22
21101476,593942.56
21101477,650242.0
21101478,946328.25
21101479,203720.92
21101480,2023223.2
21101481,893613.06
21101482,1419253.0
21101483,5024968.5
21101484,803670.4
21101485,324859.25
21101486,2051317.0
21101487,693645.5
21101488,4419101.0
21101489,1595705.0
21101490,1434047.9
21101491,635794.4
21101492,376851.78
21101493,7724937.5
21101494,839198.4
21101495,2249423.5
21101496,1115470.2
21101497,3248005.0
21101498,2248371.0
21101499,637392.75
21101500,626355.8
21101501,2023138.8
21101502,473550.56
21101503,1111697.2
21101504,2382850.0
21101505,135851.73
21101506,1965222.6
21101507,951194.75
21101508,3580583.2
21101509,2457450.2
21101510,592050.5
21101511,1038856.2
21101512,111050.71
21101513,634323.44
21101514,685174.6
21101515,1036912.3
21101516,686031.25
21101517,810611.06
21101518,1080454.2
21101519,1720735.8
21101520,720759.8
21101521,250767.94
21101522,1102938.0
21101523,639306.1
21101524,751442.56
21101525,239802.97
21101526,552154.8
21101527,333901.22
21101528,1724992.8
21101529,116637.13
21101530,536000.06
21101531,810161.56
21101532,503141.25
21101533,1544476.5
21101534,1706368.5
21101535,331002.12
21101536,6037082.0
21101537,1027307.4
21101538,1593660.9
21101539,257593.03
21101540,1015789.1
21101541,614026.6
21101542,873160.9
21101543,1142257.4
21101544,1130235.2
21101545,1856455.9
21101546,435923.38
21101547,789252.75
21101548,691750.7
21101549,2782194.2
21101550,157180.75
21101551,1334760.8
21101552,2284468.5
21101553,341659.16
21101554,306580.06
21101555,904063.75
21101556,469892.0
21101557,1486152.0
21101558,362372.0
21101559,804383.06
21101560,2254901.5
21101561,1034899.0
21101562,680421.8
21101563,1328622.4
21101564,1875866.9
21101565,389954.3
21101566,807101.9
21101567,562059.4
21101568,783825.56
21101569,2041761.0
21101570,919527.06
21101571,805393.94
21101572,1033193.7
21101573,632485.94
21101574,2909897.5
21101575,886635.7
21101576,536155.0
21101577,685340.06
21101578,871786.06
21101579,638486.7
21101580,132068.34
21101581,58625.92
21101582,3480696.2
21101583,291777.16
21101584,657073.94
21101585,271438.84
21101586,2196538.8
21101587,660947.8
21101588,2615919.8
21101589,286776.53
21101590,824620.2
21101591,1317153.5
21101592,518795.6
21101593,1267199.2
21101594,763151.75
21101595,158538.72
21101596,508867.62
21101597,2438846.2
21101598,577821.0
21101599,338078.38
21101600,240415.16
21101601,813047.1
21101602,813403.1
21101603,754838.25
21101604,999653.3
21101605,603486.8
21101606,671894.75
21101607,886635.7
21101608,2362793.0
21101609,1597405.1
21101610,364416.5
21101611,375157.9
21101612,1050682.9
21101613,1339367.8
21101614,466090.34
21101615,1529316.1
21101616,2433843.0
21101617,1606500.9
21101618,596385.8
21101619,354461.1
21101620,1327238.9
21101621,303557.06
21101622,1270259.1
21101623,1213925.6
21101624,308062.0
21101625,659482.56
21101626,1043683.1
21101627,1222572.4
21101628,933586.1
21101629,1865293.0
21101630,603892.75
21101631,2026723.6
21101632,434936.06
21101633,554221.25
21101634,690782.94
21101635,154163.38
21101636,886635.7
21101637,188562.02
21101638,367042.97
21101639,3349649.8
21101640,831684.44
21101641,1341644.9
21101642,711117.7
21101643,1545170.8
21101644,260928.1
21101645,2612061.0
21101646,636917.25
21101647,1448260.5
21101648,2086281.4
21101649,1795248.2
21101650,906905.56
21101651,921026.44
21101652,789419.0
21101653,776930.0
21101654,1024350.7
21101655,229782.38
21101656,903217.2
21101657,678623.56
21101658,1181713.6
21101659,204841.44
21101660,249038.72
21101661,450485.66
21101662,409026.47
21101663,1980008.8
21101664,2273827.8
21101665,2243801.8
21101666,1634210.4
21101667,883428.4
21101668,756895.4
21101669,1262085.1
21101670,1358234.2
21101671,256948.23
21101672,924146.5
21101673,1566122.0
21101674,856824.44
21101675,1690107.9
21101676,321022.56
21101677,266088.4
21101678,966861.8
21101679,1025329.5
21101680,2606084.2
21101681,1345660.5
21101682,613883.56
21101683,1685379.6
21101684,1835138.2
21101685,238999.52
21101686,450297.44
21101687,351602.47
21101688,675518.25
21101689,157277.55
21101690,355249.2
21101691,1899592.2
21101692,938367.1
21101693,639152.25
21101694,427115.78
21101695,4338692.0
21101696,801258.0
21101697,93431.95
21101698,1266775.8
21101699,733180.56
21101700,665822.06
21101701,150017.66
21101702,761871.0
21101703,909821.7
21101704,2983460.8
21101705,250527.88
21101706,3517981.5
21101707,685043.6
21101708,2282536.5
21101709,512771.78
21101710,955466.9
21101711,822222.06
21101712,683143.3
21101713,1935751.0
21101714,360349.5
21101715,143710.92
21101716,248834.6
21101717,815657.8
21101718,510508.22
21101719,1408881.0
21101720,611598.1
21101721,291004.03
21101722,1945712.5
21101723,552156.0
21101724,1890518.9
21101725,375247.56
21101726,815073.7
21101727,694987.2
21101728,376875.34
21101729,1664472.1
21101730,593942.56
21101731,972216.44
21101732,1134652.2
21101733,1561674.8
21101734,1757494.8
21101735,358885.44
21101736,744643.6
21101737,1744366.6
21101738,2197916.0
21101739,681957.75
21101740,961918.1
21101741,1424404.9
21101742,1187312.8
21101743,853143.4
21101744,1235115.4
21101745,3027906.8
21101746,1224528.0
21101747,798400.75
21101748,805478.94
21101749,256494.19
21101750,220197.52
21101751,914587.25
21101752,1320132.6
21101753,159659.22
21101754,1627171.5
21101755,628511.8
21101756,1949732.5
21101757,165553.25
21101758,263876.25
21101759,1249580.6
21101760,836326.7
21101761,1415185.8
21101762,331186.1
21101763,848142.3
21101764,828415.6
21101765,603174.25
21101766,2247952.5
21101767,1291157.1
21101768,934722.3
21101769,679446.7
21101770,380152.53
21101771,832388.2
21101772,2803001.0
21101773,789655.0
21101774,2601709.0
21101775,343061.2
21101776,492513.4
21101777,188473.2
21101778,1807165.1
21101779,1202016.0
21101780,683193.75
21101781,470853.22
21101782,614357.56
21101783,400027.0
21101784,259632.6
21101785,2142697.8
21101786,250902.64
21101787,941468.4
21101788,371696.06
21101789,1622755.4
21101790,697294.06
21101791,933383.75
21101792,1777241.8
21101793,546514.7
21101794,771499.2
21101795,3629502.2
21101796,1652691.9
21101797,1016602.5
21101798,271313.34
21101799,2045547.1
21101800,594073.5
21101801,1189944.2
21101802,730597.9
21101803,905760.3
21101804,1312591.1
21101805,1094626.6
21101806,1234212.8
21101807,1816618.2
21101808,1504796.6
21101809,1077872.6
21101810,47174.445
21101811,455740.44
21101812,121667.336
21101813,181946.36
21101814,236151.92
21101815,640496.44
21101816,590319.56
21101817,1234991.8
21101818,629843.25
21101819,730817.4
21101820,851372.4
21101821,2008971.4
21101822,1406883.4
21101823,2398303.0
21101824,2560459.0
21101825,1674173.4
21101826,1720659.5
21101827,1909825.5
21101828,1084226.6
21101829,1257041.9
21101830,2844843.8
21101831,443552.94
21101832,552046.1
21101833,883978.9
21101834,2090466.2
21101835,1407273.9
21101836,512334.06
21101837,1704995.4
21101838,748397.56
21101839,287215.66
21101840,574706.94
21101841,732943.2
21101842,422517.06
21101843,676048.1
21101844,648453.0
21101845,420861.66
21101846,554800.94
21101847,419286.84
21101848,1558045.0
21101849,362193.16
21101850,1052336.1
21101851,626460.7
21101852,1281550.8
21101853,733093.75
21101854,836494.56
21101855,579101.44
21101856,1156846.6
21101857,451398.75
21101858,321022.56
21101859,1118648.6
21101860,398720.28
21101861,2568901.5
21101862,1376064.6
21101863,351160.44
21101864,394475.44
21101865,1175517.0
21101866,417910.75
21101867,434277.78
21101868,313218.38
21101869,3300468.2
21101870,1619407.0
21101871,417693.3
21101872,963386.06
21101873,1929590.4
21101874,622816.94
21101875,652436.6
21101876,981959.06
21101877,1606484.4
21101878,197704.9
21101879,1162578.2
21101880,287598.8
21101881,441244.47
21101882,679446.7
21101883,1104403.0
21101884,1787553.5
21101885,388520.5
21101886,1256759.8
21101887,874326.2
21101888,307645.12
21101889,2301012.5
21101890,1345206.8
21101891,140977.05
21101892,428644.12
21101893,343061.2
21101894,1161502.4
21101895,1325367.4
21101896,316394.8
21101897,445372.9
21101898,140952.3
21101899,625857.94
21101900,1683926.9
21101901,3304951.5
21101902,537771.8
21101903,593589.1
21101904,392883.03
21101905,442207.6
21101906,2815162.2
21101907,581251.25
21101908,687620.25
21101909,1120329.5
21101910,683143.3
21101911,1417190.8
21101912,1396052.8
21101913,875444.5
21101914,368123.8
21101915,1161907.5
21101916,2344142.2
21101917,846987.06
21101918,944708.25
21101919,489423.75
21101920,404370.03
21101921,841126.5
21101922,203045.6
21101923,1307465.6
21101924,1690219.2
21101925,1398576.2
21101926,236904.83
21101927,862689.0
21101928,348026.44
21101929,1085317.6
21101930,2554425.2
21101931,2220941.2
21101932,680421.8
21101933,1195048.6
21101934,2586875.5
21101935,1222142.0
21101936,3147301.5
21101937,578047.75
21101938,2074674.4
21101939,2295285.0
21101940,282726.78
21101941,408208.94
21101942,2064264.0
21101943,2086239.0
21101944,570076.4
21101945,1684891.2
21101946,3072933.0
21101947,598214.2
21101948,168492.95
21101949,1170901.1
21101950,2200699.8
21101951,930877.5
21101952,200020.14
21101953,392187.03
21101954,619933.7
21101955,681244.0
21101956,521130.8
21101957,1139453.2
21101958,3026563.2
21101959,2087346.5
21101960,384373.78
21101961,1254024.9
21101962,241574.67
21101963,1255711.0
21101964,190363.1
21101965,1134652.2
21101966,863027.6
21101967,1127076.5
21101968,1105648.4
21101969,81480.01
21101970,323323.62
21101971,213629.9
21101972,384223.84
21101973,771927.44
21101974,203087.02
21101975,178056.97
21101976,184626.78
21101977,1437387.0
21101978,2374472.5
21101979,2006333.4
21101980,331888.8
21101981,554413.9
21101982,645492.6
21101983,1136183.0
21101984,965312.4
21101985,548992.94
21101986,197290.64
21101987,188608.67
21101988,684949.06
21101989,411929.34
21101990,1246048.4
21101991,1133262.2
21101992,1465613.5
21101993,876116.44
21101994,1354811.0
21101995,71895.375
21101996,346872.5
21101997,1318242.5
21101998,703112.0
21101999,1509335.4
21102000,421687.97
21102001,938963.56
21102002,904435.94
21102003,137847.78
21102004,302752.56
21102005,508683.0
21102006,133695.31
21102007,1520927.9
21102008,2378750.2
21102009,2576541.2
21102010,1282715.5
21102011,162697.31
21102012,672487.06
21102013,669684.94
21102014,469682.38
21102015,844689.4
21102016,2012454.2
21102017,975483.25
21102018,575508.6
21102019,803184.75
21102020,424055.12
21102021,322653.47
21102022,162783.28
21102023,2071615.5
21102024,1875539.4
21102025,1480567.5
21102026,1121645.6
21102027,1468138.5
21102028,1593120.6
21102029,1332370.4
21102030,797671.06
21102031,1176781.4
21102032,489762.28
21102033,632294.4
21102034,316654.34
21102035,963697.2
21102036,887825.94
21102037,834254.0
21102038,1099105.4
21102039,423809.2
21102040,323778.8
21102041,127626.85
21102042,1964051.9
21102043,1179811.4
21102044,3978363.5
21102045,1756591.5
21102046,1370000.4
21102047,792733.06
21102048,1395136.8
21102049,1111798.0
21102050,2033325.5
21102051,124974.16
21102052,1697535.9
21102053,1418625.5
21102054,980345.5
21102055,304703.62
21102056,979327.8
21102057,1194076.5
21102058,1299139.8
21102059,153620.97
21102060,305793.56
21102061,793372.6
21102062,1138766.0
21102063,301625.7
21102064,941711.7
21102065,403418.16
21102066,1825498.6
21102067,1426036.5
21102068,2278247.0
21102069,2066157.2
21102070,3214923.0
21102071,472423.03
21102072,356277.88
21102073,1256514.4
21102074,798992.25
21102075,1677076.9
21102076,803017.75
21102077,575126.7
21102078,434791.9
21102079,190738.7
21102080,385853.53
21102081,1238924.6
21102082,537107.2
21102083,2142474.2
21102084,628442.5
21102085,746258.9
21102086,1015027.06
21102087,657707.25
21102088,910835.7
21102089,938029.25
21102090,207283.6
21102091,142476.62
21102092,953092.1
21102093,1337946.6
21102094,1281251.6
21102095,1682067.1
21102096,1055773.0
21102097,688558.75
21102098,926100.94
21102099,730262.3
21102100,697263.6
21102101,855367.3
21102102,2986166.8
21102103,651121.7
21102104,537393.56
21102105,1544476.5
21102106,409903.94
21102107,1760911.1
21102108,173913.77
21102109,1320132.6
21102110,328733.56
21102111,159165.36
21102112,550488.5
21102113,915047.0
21102114,1888915.9
21102115,1378720.2
21102116,1706045.1
21102117,2473297.2
21102118,2179305.5
21102119,2132953.5
21102120,2344184.5
21102121,1620736.1
21102122,1409753.9
21102123,892107.25
21102124,1130939.8
21102125,342592.72
21102126,2469039.8
21102127,550028.25
21102128,2983653.5
21102129,38053.547
21102130,136929.5
21102131,1651143.6
21102132,656589.44
21102133,588268.5
21102134,1345343.5
21102135,1612645.1
21102136,156531.48
21102137,1028025.3
21102138,712473.5
21102139,399093.94
21102140,324562.06
21102141,535823.56
21102142,630347.5
21102143,2685707.5
21102144,501539.62
21102145,1467040.1
21102146,405627.2
21102147,1447617.5
21102148,526567.75
21102149,490539.3
21102150,363712.94
21102151,2457450.2
21102152,636757.25
21102153,915787.44
21102154,1432439.4
21102155,411857.38
21102156,1835057.1
21102157,733560.75
21102158,1036401.4
21102159,1259948.4
21102160,869299.94
21102161,649385.44
21102162,1322955.6
21102163,795659.0
21102164,1262384.6
21102165,765235.1
21102166,1436940.8
21102167,2417766.8
21102168,1686480.4
21102169,1685379.6
21102170,943619.0
21102171,1031411.8
21102172,139427.11
21102173,705600.7
21102174,592348.94
21102175,455926.4
21102176,2548262.2
21102177,845445.8
21102178,696824.1
21102179,652722.3
21102180,466287.78
21102181,2753735.5
21102182,379817.16
21102183,1583759.2
21102184,600268.7
21102185,1958448.9
21102186,1189123.2
21102187,1538744.2
21102188,1146118.2
21102189,139504.88
21102190,1232499.5
21102191,712699.44
21102192,625212.2
21102193,409976.88
21102194,444128.34
21102195,1012234.25
21102196,1195227.1
21102197,1258797.8
21102198,2146557.5
21102199,1070224.2
21102200,1870731.9
21102201,1065213.4
21102202,1835915.2
21102203,111667.07
21102204,1149962.9
21102205,951149.44
21102206,551773.9
21102207,484133.75
21102208,1865919.1
21102209,342742.88
21102210,801984.4
21102211,2275392.0
21102212,1657714.4
21102213,2322369.2
21102214,1257985.6
21102215,1070436.5
21102216,1126675.1
21102217,950835.94
21102218,911511.6
21102219,781625.2
21102220,630028.75
21102221,121667.336
21102222,136529.77
21102223,978144.75
21102224,1902587.0
21102225,379027.56
21102226,766165.94
21102227,220231.84
21102228,2580980.5
21102229,282426.53
21102230,2174994.5
21102231,2309384.5
21102232,880763.06
21102233,2310305.2
21102234,384061.0
21102235,965304.8
21102236,1880772.1
21102237,965604.44
21102238,1324074.6
21102239,1909611.9
21102240,1893781.8
21102241,3845360.2
21102242,2625192.0
21102243,822652.94
21102244,250200.11
21102245,1868734.8
21102246,755956.6
21102247,827482.44
21102248,4572049.0
21102249,1686480.4
21102250,2620747.5
21102251,780891.0
21102252,1085393.2
21102253,1562191.0
21102254,1030087.3
21102255,1371248.2
21102256,3058624.5
21102257,2231492.2
21102258,314949.66
21102259,1165908.5
21102260,1081678.5
21102261,1884926.8
21102262,1664930.8
21102263,1338182.6
21102264,993949.6
21102265,857559.5
21102266,973616.8
21102267,619192.5
21102268,409026.47
21102269,321868.4
21102270,689322.9
21102271,362894.47
21102272,1815552.9
21102273,686635.8
21102274,1026287.06
21102275,1420545.4
21102276,224155.78
21102277,2202518.8
21102278,207283.6
21102279,599666.44
21102280,1111457.1
21102281,1726309.2
21102282,2617111.8
21102283,661713.1
21102284,1958816.5
21102285,391470.06
21102286,823786.9
21102287,611513.2
21102288,1577534.1
21102289,2389274.5
21102290,655944.06
21102291,689427.6
21102292,1038503.9
21102293,223061.16
21102294,406244.3
21102295,683644.5
21102296,941468.4
21102297,1686480.4
21102298,575711.25
21102299,309074.97
21102300,497959.47
21102301,1561551.0
21102302,804656.9
21102303,397986.97
21102304,1183792.0
21102305,2010094.1
21102306,387763.53
21102307,339433.47
21102308,500571.84
21102309,458818.9
21102310,1407285.6
21102311,597756.44
21102312,184490.08
21102313,472430.9
21102314,571232.0
21102315,1357694.0
21102316,1357212.4
21102317,2373569.0
21102318,2332121.5
21102319,944021.06
21102320,64340.203
21102321,208142.45
21102322,384472.03
21102323,1092488.5
21102324,122492.91
21102325,862918.7
21102326,688511.6
21102327,355249.2
21102328,829819.25
21102329,2398448.5
21102330,539510.5
21102331,2559696.5
21102332,1176470.4
21102333,939781.6
21102334,1130755.2
21102335,940981.0
21102336,1042823.56
21102337,1494150.6
21102338,1301757.2
21102339,941468.4
21102340,360336.6
21102341,1133303.6
21102342,484791.4
21102343,2032789.1
21102344,591447.75
21102345,1084706.0
21102346,182737.42
21102347,915558.4
21102348,1202235.0
21102349,1302642.8
21102350,135851.73
21102351,2570019.5
21102352,248142.62
21102353,2123099.5
21102354,116121.164
21102355,1241623.2
21102356,643751.7
21102357,1322918.9
21102358,433183.4
21102359,690189.94
21102360,203253.25
21102361,2725953.5
21102362,2438410.8
21102363,1060622.8
21102364,627666.8
21102365,835144.4
21102366,941468.4
21102367,1631881.8
21102368,941468.4
21102369,1407631.8
21102370,1659098.2
21102371,867041.94
21102372,1108028.1
21102373,687021.9
21102374,491484.4
21102375,1103065.1
21102376,683143.3
21102377,647332.0
21102378,115167.11
21102379,1877757.1
21102380,599651.94
21102381,517434.78
21102382,523910.4
21102383,290639.06
21102384,1733815.9
21102385,432133.44
21102386,602855.3
21102387,236568.31
21102388,2161852.2
21102389,1116557.4
21102390,1206983.4
21102391,123395.08
21102392,385517.4
21102393,2474103.0
21102394,1611662.1
21102395,257245.9
21102396,801035.3
21102397,1180181.6
21102398,1595705.0
21102399,1389417.9
21102400,1644221.8
21102401,1002829.9
21102402,768823.6
21102403,203306.2
21102404,1003990.94
21102405,1186691.1
21102406,203519.05
21102407,1216171.6
21102408,651834.7
21102409,2551723.8
21102410,1134652.2
21102411,900452.1
21102412,527722.8
21102413,639152.25
21102414,500718.28
21102415,429646.28
21102416,588945.75
21102417,581251.25
21102418,1101241.5
21102419,726798.2
21102420,1032769.2
21102421,434222.6
21102422,338461.38
21102423,1906422.5
21102424,1228770.8
21102425,463507.9
21102426,1684662.6
21102427,2290582.2
21102428,3453339.2
21102429,1576376.1
21102430,1271856.2
21102431,314680.1
21102432,967793.56
21102433,295424.1
21102434,956425.4
21102435,438534.75
21102436,599610.5
21102437,280830.6
21102438,650840.94
21102439,2121680.5
21102440,1077872.6
21102441,770459.4
21102442,1191677.2
21102443,711107.2
21102444,697062.8
21102445,1245581.8
21102446,574655.3
21102447,1907446.6
21102448,314817.3
21102449,1010220.0
21102450,704956.9
21102451,156539.4
21102452,1547517.2
21102453,1988542.0
21102454,2072228.5
21102455,978950.9
21102456,2542938.0
21102457,1087962.0
21102458,227343.77
21102459,846526.56
21102460,1643303.5
21102461,883002.94
21102462,963730.7
21102463,704392.1
21102464,81858.95
21102465,409026.47
21102466,467500.3
21102467,377539.03
21102468,389849.28
21102469,569912.25
21102470,133226.97
21102471,2251939.5
21102472,438534.75
21102473,1556156.6
21102474,227784.28
21102475,683644.5
21102476,2617941.5
21102477,544337.56
21102478,1040815.75
21102479,1113562.1
21102480,1329642.4
21102481,398555.28
21102482,446998.72
21102483,2174994.5
21102484,1481628.8
21102485,520737.34
21102486,1893788.0
21102487,3094750.8
21102488,1066164.6
21102489,603761.1
21102490,765857.8
21102491,390256.62
21102492,163532.64
21102493,657428.0
21102494,5068765.5
21102495,781140.2
21102496,816222.9
21102497,696067.3
21102498,941468.4
21102499,929779.7
21102500,828999.5
21102501,195192.17
21102502,204131.33
21102503,816520.06
21102504,1109409.2
21102505,800306.56
21102506,1971091.8
21102507,2232631.8
21102508,1251146.4
21102509,430015.2
21102510,929964.56
21102511,797312.4
21102512,933795.25
21102513,941468.4
21102514,1800549.4
21102515,2955393.5
21102516,2044711.4
21102517,247090.02
21102518,953178.06
21102519,2143865.2
21102520,1781772.1
21102521,1121016.8
21102522,173540.33
21102523,366596.2
21102524,1510251.4
21102525,1684494.1
21102526,997317.1
21102527,493020.38
21102528,724356.8
21102529,1661690.5
21102530,456006.88
21102531,1595705.0
21102532,980827.6
21102533,387028.84
21102534,854622.1
21102535,794973.8
21102536,189652.77
21102537,1138766.0
21102538,1129701.4
21102539,420674.7
21102540,1621248.4
21102541,907494.4
21102542,322067.16
21102543,587702.5
21102544,1838398.2
21102545,1556551.1
21102546,796067.75
21102547,508824.1
21102548,477782.47
21102549,1353961.0
21102550,824460.56
21102551,412796.5
21102552,2272008.8
21102553,1087005.4
21102554,1040928.4
21102555,649653.56
21102556,754336.6
21102557,255256.67
21102558,1690219.2
21102559,379110.4
21102560,1540881.5
21102561,447744.1
21102562,263810.2
21102563,1434982.0
21102564,1685379.6
21102565,1448448.8
21102566,841726.5
21102567,685300.0
21102568,658865.56
21102569,798502.7
21102570,1043596.7
21102571,1464896.0
21102572,2290850.8
21102573,1611294.4
21102574,295023.7
21102575,1433254.8
21102576,398369.34
21102577,699651.2
21102578,372585.6
21102579,560618.94
21102580,85825.98
21102581,274417.84
21102582,399851.47
21102583,685572.44
21102584,126884.68
21102585,1066306.6
21102586,539630.75
21102587,991648.7
21102588,1540297.6
21102589,1132123.6
21102590,1075562.2
21102591,720540.2
21102592,1041838.56
21102593,683174.5
21102594,1386701.0
21102595,1141976.9
21102596,971664.44
21102597,840606.75
21102598,654869.8
21102599,696226.1
21102600,266907.88
21102601,300028.75
21102602,930164.5
21102603,744487.94
21102604,1320132.6
21102605,940553.44
21102606,1004584.06
21102607,591069.94
21102608,1370112.1
21102609,1292279.1
21102610,1015991.56
21102611,762342.25
21102612,977071.56
21102613,577821.0
21102614,2200693.0
21102615,2010250.1
21102616,2478958.8
21102617,1047955.7
21102618,582448.94
21102619,87494.77
21102620,439799.06
21102621,2180968.5
21102622,851946.44
21102623,1825561.8
21102624,487911.47
21102625,992799.06
21102626,983166.3
21102627,604653.2
21102628,4341522.0
21102629,1971587.6
21102630,687021.9
21102631,769534.75
21102632,398720.28
21102633,1598184.1
21102634,1080804.0
21102635,163900.3
21102636,2641276.8
21102637,733771.75
21102638,2274241.5
21102639,2018592.9
21102640,393603.66
21102641,1305073.5
21102642,151786.83
21102643,278876.9
21102644,2019475.8
21102645,1262239.0
21102646,2641897.5
21102647,828667.1
21102648,638345.25
21102649,550893.75
21102650,497141.97
21102651,306379.4
21102652,1289593.5
21102653,1962287.2
21102654,3427808.0
21102655,2044875.2
21102656,765406.1
21102657,538020.44
21102658,255383.97
21102659,2700098.2
21102660,239708.53
21102661,122492.91
21102662,2640848.0
21102663,979615.9
21102664,761730.6
21102665,1640022.5
21102666,724543.6
21102667,1019979.2
21102668,868686.2
21102669,162526.19
21102670,1087799.6
21102671,1018062.56
21102672,1554985.5
21102673,755749.2
21102674,1383230.0
21102675,2618640.0
21102676,2435262.5
21102677,214229.12
21102678,251747.61
21102679,1010200.4
21102680,1844439.0
21102681,144150.83
21102682,473394.72
21102683,483669.44
21102684,383783.84
21102685,1363002.1
21102686,2122230.5
21102687,1538744.2
21102688,2470446.5
21102689,1327473.0
21102690,517434.78
21102691,296499.53
21102692,1134652.2
21102693,1060960.0
21102694,1911644.5
21102695,386126.88
21102696,837439.75
21102697,930462.0
21102698,1828724.0
21102699,1403240.2
21102700,681536.1
21102701,979275.3
21102702,1663354.0
21102703,678128.75
21102704,219649.66
21102705,786701.75
21102706,593133.94
21102707,1506480.9
21102708,487006.28
21102709,2264763.8
21102710,1716396.1
21102711,615239.25
21102712,1889379.4
21102713,1816400.2
21102714,848616.44
21102715,312635.16
21102716,129647.555
21102717,2041782.1
21102718,594629.75
21102719,518795.6
21102720,1256058.6
21102721,837328.9
21102722,1841864.9
21102723,657474.1
21102724,117599.29
21102725,667317.0
21102726,1206422.1
21102727,303310.72
21102728,347097.97
21102729,533438.8
21102730,1448448.8
21102731,666540.4
21102732,543022.94
21102733,3321367.8
21102734,187806.67
21102735,1438138.2
21102736,2137532.0
21102737,1193152.2
21102738,637422.0
21102739,197303.61
21102740,145536.25
21102741,4809802.5
21102742,1319583.4
21102743,1452235.6
21102744,608620.2
21102745,1614687.5
21102746,986362.4
21102747,132677.19
21102748,1119256.1
21102749,1632718.2
21102750,82217.21
21102751,300376.03
21102752,357401.44
21102753,286409.8
21102754,944448.44
21102755,815812.44
21102756,152228.28
21102757,450485.66
21102758,1452941.6
21102759,385640.56
21102760,600037.75
21102761,855036.8
21102762,1063108.2
21102763,455992.78
21102764,449261.5
21102765,2196938.2
21102766,301919.78
21102767,650341.0
21102768,974691.94
21102769,1195130.2
21102770,1273919.8
21102771,431654.25
21102772,985428.56
21102773,1034593.06
21102774,487526.1
21102775,124661.29
21102776,2992598.8
21102777,263027.12
21102778,1559083.2
21102779,1613633.5
21102780,666304.2
21102781,2585171.5
21102782,2174994.5
21102783,703989.3
21102784,1003338.94
21102785,111426.22
21102786,730817.4
21102787,686353.44
21102788,388308.16
21102789,2999038.8
21102790,4971236.5
21102791,963659.0
21102792,683143.3
21102793,1128930.8
21102794,1800440.1
21102795,180934.25
21102796,761902.4
21102797,217248.56
21102798,749040.9
21102799,1446944.5
21102800,1192216.8
21102801,2685707.5
21102802,1164411.2
21102803,684262.1
21102804,213629.9
21102805,440930.03
21102806,1226774.9
21102807,564535.8
21102808,658174.8
21102809,946417.6
21102810,1150557.5
21102811,948962.2
21102812,224448.67
21102813,1031002.0
21102814,1652314.2
21102815,1761672.1
21102816,1043230.44
21102817,936911.1
21102818,365570.62
21102819,1587605.0
21102820,1500677.0
21102821,308445.78
21102822,835195.5
21102823,1258973.5
21102824,56142.586
21102825,532957.9
21102826,336451.4
21102827,172114.88
21102828,686058.3
21102829,554012.1
21102830,1688099.8
21102831,807295.75
21102832,400820.03
21102833,542165.2
21102834,686388.1
21102835,1113887.4
21102836,2192102.0
21102837,1479859.2
21102838,683830.5
21102839,711544.6
21102840,107882.97
21102841,837332.2
21102842,105471.18
21102843,545066.94
21102844,1680648.1
21102845,2432277.2
21102846,2822862.0
21102847,1520625.6
21102848,647978.75
21102849,649988.5
21102850,694898.7
21102851,166159.22
21102852,2006066.8
21102853,581296.2
21102854,2605167.0
21102855,932372.8
21102856,1986666.9
21102857,2577717.2
21102858,347697.16
21102859,1415911.5
21102860,125908.1
21102861,1379831.5
21102862,3063185.5
21102863,2895942.0
21102864,678122.94
21102865,945264.75
21102866,1345695.1
21102867,484679.47
21102868,684262.1
21102869,611546.2
21102870,1589580.0
21102871,479216.12
21102872,688488.0
21102873,263027.12
21102874,458837.12
21102875,1072256.4
21102876,275785.62
21102877,400211.03
21102878,1121022.9
21102879,707381.9
21102880,508747.66
21102881,1448448.8
21102882,685393.7
21102883,186985.72
21102884,1997116.6
21102885,1823260.2
21102886,2069911.9
21102887,480927.5
21102888,897502.0
21102889,293216.22
21102890,2435347.2
21102891,147213.45
21102892,652342.0
21102893,1260063.1
21102894,754252.8
21102895,399104.22
21102896,2275002.5
21102897,1762172.8
21102898,2059817.9
21102899,948064.0
21102900,353416.94
21102901,1591633.9
21102902,449337.88
21102903,379562.66
21102904,571924.0
21102905,600353.6
21102906,1745184.2
21102907,2132378.5
21102908,556257.9
21102909,706981.75
21102910,1006674.94
21102911,354067.6
21102912,306809.78
21102913,159778.67
21102914,800162.2
21102915,468521.16
21102916,568264.06
21102917,845445.8
21102918,233968.95
21102919,226652.7
21102920,1487663.8
21102921,386511.84
21102922,1252881.4
21102923,443560.9
21102924,712888.6
21102925,1140682.9
21102926,1858090.4
21102927,439985.53
21102928,792999.4
21102929,406179.5
21102930,2445569.8
21102931,1776868.6
21102932,213629.9
21102933,2576251.8
21102934,1243961.8
21102935,1294708.4
21102936,367596.34
21102937,899186.8
21102938,995313.6
21102939,595532.5
21102940,601728.75
21102941,287828.8
21102942,406206.88
21102943,344439.56
21102944,1054073.2
21102945,162980.72
21102946,1115209.8
21102947,485529.38
21102948,1605117.5
21102949,1234509.2
21102950,2228283.5
21102951,857320.8
21102952,322305.2
21102953,662902.75
21102954,665500.1
21102955,880342.1
21102956,441818.75
21102957,488410.94
21102958,332418.2
21102959,2217957.5
21102960,512675.16
21102961,185149.05
21102962,869165.5
21102963,725118.44
21102964,1370218.6
21102965,636487.1
21102966,1795838.4
21102967,364025.1
21102968,4736393.0
21102969,1319880.0
21102970,541057.2
21102971,2269031.0
21102972,3622858.5
21102973,346021.44
21102974,208847.95
21102975,229567.31
21102976,1633474.2
21102977,827331.06
21102978,2578074.2
21102979,689856.0
21102980,1238420.4
21102981,407334.06
21102982,1482291.6
21102983,674871.1
21102984,747659.1
21102985,1427764.9
21102986,454071.53
21102987,425107.8
21102988,1835915.8
21102989,443535.47
21102990,1148506.6
21102991,1458045.4
21102992,977015.94
21102993,1788863.1
21102994,683830.5
21102995,618940.9
21102996,1598027.6
21102997,1915278.6
21102998,193969.72
21102999,1536230.1
21103000,559013.3
21103001,754460.75
21103002,2104530.0
21103003,2249713.5
21103004,1060298.4
21103005,547180.2
21103006,767524.3
21103007,2097530.5
21103008,941468.4
21103009,514629.75
21103010,2099631.5
21103011,486422.25
21103012,344533.88
21103013,841126.5
21103014,1069967.0
21103015,1085409.0
21103016,1771057.9
21103017,473740.62
21103018,3964737.2
21103019,1351561.5
21103020,919672.6
21103021,2687489.5
21103022,706981.75
21103023,1507585.4
21103024,1642679.2
21103025,552156.0
21103026,1207596.2
21103027,1305803.5
21103028,1740419.9
21103029,2289716.0
21103030,2940885.0
21103031,1461765.9
21103032,307251.34
21103033,620007.8
21103034,345279.7
21103035,915509.44
21103036,576594.44
21103037,1333335.9
21103038,596145.3
21103039,365221.25
21103040,641461.44
21103041,1062794.0
21103042,3312227.8
21103043,827422.06
21103044,348289.66
21103045,3575287.0
21103046,633474.0
21103047,1236005.6
21103048,498160.38
21103049,1264869.9
21103050,732367.94
21103051,583588.44
21103052,657586.3
21103053,356554.62
21103054,3240666.2
21103055,394333.47
21103056,1380175.9
21103057,615850.75
21103058,1128206.1
21103059,914470.4
21103060,967717.25
21103061,1859726.8
21103062,448507.56
21103063,2453188.2
21103064,405625.44
21103065,3014382.5
21103066,2416404.2
21103067,930534.44
21103068,1088449.5
21103069,1368835.2
21103070,869299.94
21103071,304398.5
21103072,598093.94
21103073,436381.6
21103074,2029258.9
21103075,786507.8
21103076,973616.8
21103077,159226.44
21103078,2347206.2
21103079,2747858.8
21103080,908126.9
21103081,280877.8
21103082,414900.8
21103083,3312417.5
21103084,1304275.9
21103085,2179851.5
21103086,808926.6
21103087,3136232.0
21103088,1504591.9
21103089,383553.1
21103090,961670.8
21103091,140651.45
21103092,1061178.9
21103093,910700.06
21103094,2528104.0
21103095,1222142.0
21103096,2660682.8
21103097,599819.56
21103098,732943.2
21103099,651929.56
21103100,1869681.5
21103101,1232414.6
21103102,2821026.8
21103103,1166808.1
21103104,767524.3
21103105,792832.7
21103106,802611.1
21103107,766672.44
21103108,3456103.0
21103109,1025179.6
21103110,1715560.1
21103111,2746715.5
21103112,845541.0
21103113,1067655.9
21103114,885675.25
21103115,1138303.0
21103116,1118568.9
21103117,647436.56
21103118,818422.75
21103119,683269.4
21103120,685849.75
21103121,320705.03
21103122,138738.72
21103123,1138766.0
21103124,1606293.8
21103125,746431.6
21103126,233638.17
21103127,341273.53
21103128,3219956.5
21103129,570140.9
21103130,1677714.8
21103131,1787553.5
21103132,62591.65
21103133,600535.2
21103134,817214.5
21103135,698552.44
21103136,869987.1
21103137,445988.8
21103138,391133.1
21103139,3096779.5
21103140,1044094.56
21103141,1471541.5
21103142,1861472.6
21103143,2204562.8
21103144,1527297.2
21103145,4849660.0
21103146,772629.06
21103147,869987.1
21103148,1425349.5
21103149,3820944.5
21103150,226602.03
21103151,294533.88
21103152,716821.2
21103153,787917.44
21103154,1190368.5
21103155,1563319.0
21103156,706949.25
21103157,475730.44
21103158,1328949.1
21103159,770895.3
21103160,398720.28
21103161,422112.25
21103162,1198629.6
21103163,1293662.1
21103164,301631.66
21103165,571734.3
21103166,912111.2
21103167,1440000.9
21103168,685649.44
21103169,1877134.5
21103170,380752.0
21103171,1547274.6
21103172,1410953.9
21103173,867154.4
21103174,564953.5
21103175,839627.1
21103176,712888.6
21103177,571918.7
21103178,1674890.4
21103179,985574.25
21103180,533676.4
21103181,1724505.1
21103182,2312424.8
21103183,3110673.0
21103184,1477407.0
21103185,66890.5
21103186,396367.44
21103187,502823.03
21103188,3791859.8
21103189,2083697.8
21103190,1193669.2
21103191,1090459.9
21103192,1551291.5
21103193,952449.75
21103194,686261.06
21103195,2390520.2
21103196,514327.12
21103197,1027191.6
21103198,1594163.0
21103199,851754.7
21103200,3027900.0
21103201,1356766.0
21103202,2260496.8
21103203,2828865.0
21103204,524141.78
21103205,813272.9
21103206,603022.1
21103207,854514.44
21103208,841230.94
21103209,1862142.2
21103210,183368.92
21103211,90630.73
21103212,333436.7
21103213,627668.6
21103214,322532.9
21103215,1657788.6
21103216,62569.46
21103217,97273.47
21103218,172409.97
21103219,1006045.8
21103220,1810127.2
21103221,853669.06
21103222,899595.44
21103223,2024064.0
21103224,508409.5
21103225,1290048.8
21103226,998938.9
21103227,2122148.5
21103228,340634.62
21103229,1688099.8
21103230,332776.06
21103231,1693794.2
21103232,986618.06
21103233,683143.3
21103234,931486.94
21103235,825155.56
21103236,437234.25
21103237,1559701.5
21103238,734289.6
21103239,1603548.9
21103240,790012.4
21103241,399735.5
21103242,322331.47
21103243,978205.94
21103244,468629.72
21103245,1074678.0
21103246,844541.8
21103247,2577107.0
21103248,1710420.9
21103249,1327212.0
21103250,610688.75
21103251,350594.9
21103252,350717.62
21103253,922717.4
21103254,554986.9
21103255,995228.6
21103256,1533214.1
21103257,883281.75
21103258,1549253.5
21103259,1045824.75
21103260,412618.25
21103261,1609179.6
21103262,897416.1
21103263,1606500.9
21103264,845695.56
21103265,683143.3
21103266,93661.28
21103267,797557.3
21103268,619228.2
21103269,766012.44
21103270,1162527.8
21103271,2124356.8
21103272,2002773.6
21103273,2175638.2
21103274,980158.25
21103275,1417708.6
21103276,1453866.9
21103277,447150.0
21103278,1276263.8
21103279,1240160.9
21103280,1561700.1
21103281,5044044.0
21103282,1290537.1
21103283,2346670.2
21103284,1543089.0
21103285,1324044.2
21103286,990557.3
21103287,703847.4
21103288,2813737.8
21103289,1597163.6
21103290,1733140.4
21103291,2103148.2
21103292,1504554.0
21103293,1376396.1
21103294,1227399.9
21103295,766264.25
21103296,1127076.5
21103297,2512622.2
21103298,808475.3
21103299,1388433.9
21103300,667317.0
21103301,666791.06
21103302,1104275.9
21103303,1872345.6
21103304,2435680.0
21103305,875956.25
21103306,2054659.6
21103307,2804569.8
21103308,2972020.8
21103309,823728.06
21103310,1701857.9
21103311,1079290.2
21103312,1122724.5
21103313,1234212.8
21103314,2676606.2
21103315,1659098.2
21103316,809910.1
21103317,600353.6
21103318,652342.0
21103319,2736307.8
21103320,1839368.9
21103321,887641.3
21103322,1101697.5
21103323,787147.44
21103324,281364.88
21103325,1622101.8
21103326,1410414.0
21103327,742872.2
21103328,122492.91
21103329,311428.5
21103330,1339456.0
21103331,1188495.0
21103332,460213.6
21103333,1061139.2
21103334,1469936.9
21103335,1230148.0
21103336,620968.25
21103337,188503.56
21103338,211015.4
21103339,241395.77
21103340,439635.75
21103341,1685379.6
21103342,616760.5
21103343,587702.5
21103344,785895.56
21103345,327566.7
21103346,121667.336
21103347,545352.1
21103348,433435.38
21103349,1035225.56
21103350,185600.52
21103351,2237584.0
21103352,631610.7
21103353,724515.44
21103354,380578.9
21103355,1019979.2
21103356,1324074.6
21103357,675982.9
21103358,397898.22
21103359,1206755.5
21103360,1688099.8
21103361,1622171.4
21103362,601880.7
21103363,1575977.6
21103364,2005187.2
21103365,518272.6
21103366,155337.55
21103367,620977.06
21103368,3971883.2
21103369,662114.25
21103370,1352002.6
21103371,795740.4
21103372,118662.48
21103373,308367.66
21103374,301160.28
21103375,1768292.9
21103376,486590.9
21103377,3289875.0
21103378,53531.008
21103379,421393.5
21103380,636738.8
21103381,637532.2
21103382,1408590.5
21103383,1724879.9
21103384,377886.7
21103385,382783.75
21103386,1692643.1
21103387,573968.8
21103388,1960235.2
21103389,4949959.5
21103390,1591974.8
21103391,1314636.1
21103392,117015.63
21103393,2186047.8
21103394,483606.5
21103395,5050303.5
21103396,2538991.5
21103397,1058438.5
21103398,323686.03
21103399,393207.97
21103400,337428.94
21103401,1035277.5
21103402,757046.2
21103403,1140350.5
21103404,2454605.5
21103405,664835.7
21103406,902071.75
21103407,637581.94
21103408,272976.88
21103409,970722.2
21103410,350268.72
21103411,1885520.2
21103412,1231267.2
21103413,2111821.8
21103414,1196619.9
21103415,1940368.8
21103416,877533.5
21103417,832176.75
21103418,958481.6
21103419,775330.8
21103420,143686.55
21103421,571889.6
21103422,341865.12
21103423,439110.56
21103424,1116321.5
21103425,1072939.1
21103426,1331214.0
21103427,1238068.0
21103428,800320.9
21103429,928407.75
21103430,1590720.4
21103431,1909303.5
21103432,1043563.4
21103433,1577161.9
21103434,1602254.1
21103435,282570.03
21103436,1498203.0
21103437,1483894.9
21103438,3096913.2
21103439,325592.56
21103440,2828740.8
21103441,2246762.5
21103442,2405222.8
21103443,1287072.0
21103444,3693432.0
21103445,647654.3
21103446,192838.27
21103447,311585.8
21103448,684156.06
21103449,967972.2
21103450,1485095.9
21103451,1418478.5
21103452,3213977.0
21103453,631025.5
21103454,186784.45
21103455,153223.88
21103456,908126.9
21103457,906056.2
21103458,407359.28
21103459,336950.25
21103460,542035.1
21103461,637604.4
21103462,1647096.9
21103463,1194443.0
21103464,488418.6
21103465,3655478.8
21103466,192524.8
21103467,1520927.9
21103468,1032928.2
21103469,1896833.5
21103470,844667.56
21103471,1480922.6
21103472,1108028.1
21103473,335061.72
21103474,582516.2
21103475,1306713.9
21103476,289265.22
21103477,1705477.1
21103478,852360.94
21103479,105557.664
21103480,439369.97
21103481,1590748.4
21103482,854702.75
21103483,392314.88
21103484,3037164.2
21103485,431017.1
21103486,414347.03
21103487,1195793.5
21103488,1077848.9
21103489,156531.48
21103490,213781.86
21103491,763756.5
21103492,332240.7
21103493,1550678.5
21103494,2625324.8
21103495,390183.7
21103496,213642.8
21103497,576858.2
21103498,869299.94
21103499,163429.94
21103500,2625576.8
21103501,1040662.75
21103502,667317.0
21103503,1051199.9
21103504,283725.5
21103505,742843.9
21103506,1170275.8
21103507,146942.05
21103508,661210.5
21103509,2194352.8
21103510,944059.2
21103511,2237337.8
21103512,1758180.5
21103513,2023509.2
21103514,978162.44
21103515,766264.25
21103516,860830.4
21103517,1067946.1
21103518,614014.5
21103519,1513414.5
21103520,180620.1
21103521,537672.44
21103522,1131164.2
21103523,312346.03
21103524,742979.0
21103525,1019979.2
21103526,2030405.0
21103527,867586.8
21103528,379877.78
21103529,212437.69
21103530,1377031.1
21103531,706194.75
21103532,952588.7
21103533,366442.8
21103534,521146.56
21103535,1613846.6
21103536,1985689.1
21103537,411363.94
21103538,733174.7
21103539,441047.75
21103540,683143.3
21103541,921606.9
21103542,995994.9
21103543,345691.2
21103544,322545.3
21103545,645085.5
21103546,791043.56
21103547,2058322.6
21103548,693694.4
21103549,919236.6
21103550,1921529.2
21103551,215310.9
21103552,927298.4
21103553,474619.62
21103554,3330604.0
21103555,1868983.6
21103556,2513781.2
21103557,1075449.5
21103558,818816.94
21103559,699273.0
21103560,267960.1
21103561,433669.78
21103562,512675.16
21103563,659809.25
21103564,607955.44
21103565,62793.78
21103566,407334.06
21103567,2257006.2
21103568,1697969.8
21103569,336565.25
21103570,1045182.6
21103571,447381.0
21103572,906201.8
21103573,1148791.1
21103574,1166848.4
21103575,914819.6
21103576,2621170.0
21103577,1226702.0
21103578,1124696.1
21103579,683150.2
21103580,2139475.2
21103581,679446.7
21103582,438534.75
21103583,1267560.5
21103584,184093.02
21103585,1693794.2
21103586,190447.58
21103587,659475.8
21103588,1688099.8
21103589,667317.0
21103590,742545.4
21103591,1272562.8
21103592,603115.7
21103593,795663.8
21103594,2455826.5
21103595,773852.94
21103596,370447.78
21103597,706981.75
21103598,303124.56
21103599,1220441.4
21103600,875885.4
21103601,1350986.2
21103602,552788.56
21103603,904725.56
21103604,1746725.4
21103605,122414.734
21103606,433451.84
21103607,1364262.4
21103608,385759.25
21103609,973616.8
21103610,639023.06
21103611,1086318.8
21103612,1685379.6
21103613,935583.75
21103614,481368.78
21103615,1331044.0
21103616,592876.25
21103617,519840.06
21103618,1788766.6
21103619,539793.9
21103620,882194.44
21103621,647932.75
21103622,1547316.8
21103623,774653.9
21103624,1173051.5
21103625,824267.5
21103626,1195924.6
21103627,555000.2
21103628,111653.06
21103629,2645784.0
21103630,129055.39
21103631,1846101.2
21103632,625376.8
21103633,2127586.2
21103634,389390.38
21103635,364230.66
21103636,361002.1
21103637,931844.1
21103638,470963.88
21103639,1490434.5
21103640,994536.1
21103641,1693794.2
21103642,754336.6
21103643,1245752.1
21103644,2006180.6
21103645,378839.3
21103646,326808.3
21103647,1456092.5
21103648,373781.56
21103649,1168374.0
21103650,1506201.6
21103651,853384.9
21103652,123498.73
21103653,1668361.5
21103654,2544525.8
21103655,246617.2
21103656,1265577.6
21103657,1134589.4
21103658,1127385.0
21103659,205629.16
21103660,84838.66
21103661,2908546.8
21103662,151255.6
21103663,248142.62
21103664,2458105.5
21103665,294331.5
21103666,547320.5
21103667,384923.3
21103668,1116532.2
21103669,1125389.6
21103670,1652513.1
21103671,841734.75
21103672,1195291.5
21103673,2024069.9
21103674,2306922.2
21103675,764063.1
21103676,2630415.0
21103677,1538776.1
21103678,704206.3
21103679,789486.25
21103680,1302972.4
21103681,714000.75
21103682,584163.3
21103683,1441186.2
21103684,2408206.8
21103685,1452390.8
21103686,1507585.4
21103687,2105846.0
21103688,817180.8
21103689,2355408.0
21103690,332196.38
21103691,422526.28
21103692,243424.28
21103693,636620.75
21103694,689583.25
21103695,337516.78
21103696,350867.8
21103697,740861.8
21103698,678729.0
21103699,1075571.1
21103700,2434021.0
21103701,609416.06
21103702,1102470.9
21103703,1264214.0
21103704,1279542.8
21103705,787825.9
21103706,2008795.8
21103707,931844.1
21103708,373913.22
21103709,1803131.9
21103710,552156.0
21103711,3622003.0
21103712,408046.38
21103713,1830605.2
21103714,1015789.1
21103715,167197.34
21103716,405034.94
21103717,1135878.5
21103718,1912082.4
21103719,850239.44
21103720,1722847.6
21103721,931721.6
21103722,2180449.5
21103723,1685852.4
21103724,2709137.2
21103725,1102248.6
21103726,1187567.5
21103727,955466.9
21103728,493073.5
21103729,1264214.0
21103730,1238089.4
21103731,1405055.8
21103732,1326875.0
21103733,908126.9
21103734,1076654.1
21103735,1612436.0
21103736,548319.7
21103737,2272376.8
21103738,1101495.6
21103739,1860435.2
21103740,525785.06
21103741,2250485.5
21103742,1214712.5
21103743,930357.06
21103744,243020.84
21103745,527849.5
21103746,370033.1
21103747,1097016.5
21103748,853143.4
21103749,604167.2
21103750,769720.6
21103751,91949.555
21103752,417499.97
21103753,1464443.4
21103754,396944.5
21103755,1965960.8
21103756,1875113.6
21103757,277980.6
21103758,314872.0
21103759,3579861.0
21103760,1126152.0
21103761,1562164.4
21103762,359972.5
21103763,2188177.8
21103764,817983.3
21103765,663288.6
21103766,491608.25
21103767,631484.56
21103768,660737.06
21103769,654763.3
21103770,419132.16
21103771,853346.06
21103772,263141.8
21103773,425200.0
21103774,498592.2
21103775,1561917.4
21103776,460803.6
21103777,94626.21
21103778,1396052.8
21103779,1639474.2
21103780,2056524.1
21103781,587702.5
21103782,629340.7
21103783,2008366.0
21103784,1058885.8
21103785,294671.06
21103786,390206.34
21103787,367042.97
21103788,670088.44
21103789,1102623.9
21103790,1740377.9
21103791,121659.414
21103792,1789265.2
21103793,2409931.8
21103794,1457882.6
21103795,860091.5
21103796,1499415.8
21103797,583009.75
21103798,541670.7
21103799,821545.9
21103800,710139.56
21103801,64561.5
21103802,515137.4
21103803,1418786.6
21103804,507486.62
21103805,183360.58
21103806,932942.0
21103807,1214461.2
21103808,1384702.2
21103809,683143.3
21103810,1606500.9
21103811,297424.66
21103812,1018521.94
21103813,2302521.8
21103814,3174879.2
21103815,639019.75
21103816,683143.3
21103817,539098.56
21103818,3546332.5
21103819,1509715.0
21103820,2828028.0
21103821,654897.25
21103822,680624.6
21103823,439799.06
21103824,179059.77
21103825,400740.97
21103826,1037805.06
21103827,2682010.5
21103828,1260575.6
21103829,921545.3
21103830,851914.8
21103831,1024983.25
21103832,687021.9
21103833,899947.94
21103834,517203.8
21103835,421400.2
21103836,763756.5
21103837,1178358.6
21103838,1127576.4
21103839,1314844.0
21103840,1271300.6
21103841,583834.25
21103842,1421482.6
21103843,1072341.2
21103844,794171.5
21103845,1738736.4
21103846,1548380.8
21103847,1535482.6
21103848,4012144.5
21103849,432601.6
21103850,1374320.4
21103851,917183.56
21103852,2243577.8
21103853,651509.2
21103854,1188079.9
21103855,1484028.6
21103856,373041.34
21103857,810083.3
21103858,793767.44
21103859,553614.75
21103860,451656.12
21103861,1962820.8
21103862,351795.84
21103863,1353605.9
21103864,756643.44
21103865,358657.5
21103866,780616.06
21103867,1256514.4
21103868,912325.56
21103869,800207.5
21103870,326609.7
21103871,146942.05
21103872,1482892.5
21103873,1043895.0
21103874,261808.84
21103875,216351.83
21103876,720658.25
21103877,344786.3
21103878,900292.0
21103879,649379.2
21103880,554950.4
21103881,2187727.2
21103882,724514.9
21103883,237164.84
21103884,221728.16
21103885,231962.08
21103886,931551.0
21103887,2817851.5
21103888,608537.0
21103889,1591633.9
21103890,593589.1
21103891,1678961.5
21103892,865656.25
21103893,360405.88
21103894,501678.38
21103895,629175.25
21103896,790772.9
21103897,1055343.9
21103898,581436.4
21103899,941468.4
21103900,531389.1
21103901,223167.73
21103902,321919.7
21103903,1126569.6
21103904,587702.5
21103905,134785.69
21103906,707020.9
21103907,466944.9
21103908,288843.62
21103909,1239023.2
21103910,1386917.4
21103911,620922.06
21103912,1471977.4
21103913,979304.0
21103914,1150536.5
21103915,1204049.2
21103916,336873.16
21103917,462186.7
21103918,683143.3
21103919,318284.8
21103920,381984.3
21103921,661328.9
21103922,2589776.8
21103923,762185.44
21103924,4176708.8
21103925,2043089.2
21103926,635979.0
21103927,2587023.8
21103928,40395.984
21103929,1685379.6
21103930,2816695.8
21103931,592833.6
21103932,1389966.9
21103933,586441.44
21103934,2148710.2
21103935,135186.47
21103936,631025.5
21103937,660702.25
21103938,1579770.4
21103939,1561938.1
21103940,941468.4
21103941,1579970.9
21103942,1412471.8
21103943,1035110.9
21103944,335037.9
21103945,1695266.5
21103946,570930.56
21103947,335841.62
21103948,500265.9
21103949,792445.6
21103950,408220.6
21103951,1155542.9
21103952,922039.75
21103953,2456313.8
21103954,336540.97
21103955,723044.94
21103956,466151.16
21103957,648528.4
21103958,559325.7
21103959,1867782.6
21103960,1757804.6
21103961,1425498.4
21103962,1045694.2
21103963,643756.7
21103964,1485772.5
21103965,1935350.5
21103966,614998.0
21103967,316045.47
21103968,1548243.0
21103969,174964.33
21103970,366963.94
21103971,1043177.56
21103972,260421.28
21103973,1355044.2
21103974,868686.2
21103975,1105662.6
21103976,377061.53
21103977,2372916.5
21103978,1087674.6
21103979,2709066.0
21103980,1093153.6
21103981,2802157.8
21103982,1299360.6
21103983,2023573.1
21103984,1078935.9
21103985,1116548.6
21103986,443781.7
21103987,460391.97
21103988,322093.97
21103989,4921662.5
21103990,1564815.6
21103991,303856.6
21103992,1132324.0
21103993,1782416.9
21103994,762126.0
21103995,953559.6
21103996,955591.5
21103997,1249139.8
21103998,275534.4
21103999,1454634.5
21104000,2048181.8
21104001,2022936.2
21104002,262451.7
21104003,1072402.9
21104004,682871.94
21104005,706660.25
21104006,1924142.9
21104007,841230.94
21104008,381810.62
21104009,776897.2
21104010,390863.47
21104011,1406887.0
21104012,2118770.8
21104013,454618.3
21104014,397077.25
21104015,139178.11
21104016,684027.2
21104017,366255.6
21104018,975483.25
21104019,3264120.8
21104020,2051351.9
21104021,1331834.5
21104022,1793518.4
21104023,497555.78
21104024,1209111.5
21104025,1886644.1
21104026,643756.7
21104027,108720.54
21104028,1416869.0
21104029,253247.14
21104030,1024020.6
21104031,2428590.5
21104032,1237671.0
21104033,347310.2
21104034,1149599.9
21104035,855966.9
21104036,1954098.6
21104037,1942690.4
21104038,945302.0
21104039,191217.42
21104040,778556.0
21104041,975483.25
21104042,900333.7
21104043,353586.03
21104044,971752.8
21104045,816896.44
21104046,2853195.8
21104047,239569.33
21104048,721985.8
21104049,360704.66
21104050,1345695.1
21104051,598075.1
21104052,185085.31
21104053,149904.06
21104054,816762.25
21104055,767825.4
21104056,828167.94
21104057,254027.03
21104058,1257284.5
21104059,570836.0
21104060,464669.75
21104061,178473.33
21104062,474408.9
21104063,571488.4
21104064,1418232.5
21104065,402383.75
21104066,887174.8
21104067,2670321.8
21104068,839582.9
21104069,1808738.2
21104070,1422278.1
21104071,2171650.2
21104072,1476104.8
21104073,2008312.8
21104074,121900.23
21104075,1551087.4
21104076,2875600.5
21104077,1259948.4
21104078,2025779.8
21104079,2585493.8
21104080,296720.78
21104081,389796.03
21104082,4322340.0
21104083,2076541.0
21104084,1310881.5
21104085,1445007.0
21104086,720418.3
21104087,238877.94
21104088,1740438.1
21104089,1155694.5
21104090,936624.44
21104091,461319.06
21104092,992725.75
21104093,853143.4
21104094,2645849.2
21104095,451285.38
21104096,1324153.5
21104097,1132503.8
21104098,658736.9
21104099,972386.25
21104100,524672.06
21104101,438379.47
21104102,521323.66
21104103,709818.6
21104104,1556705.8
21104105,3734226.8
21104106,200076.16
21104107,697263.6
21104108,1442987.2
21104109,1453616.9
21104110,759869.4
21104111,804725.25
21104112,555645.75
21104113,1214371.9
21104114,500210.66
21104115,645840.56
21104116,1084352.0
21104117,847385.6
21104118,1139015.1
21104119,1156271.2
21104120,351598.84
21104121,2455163.2
21104122,1016476.3
21104123,336889.94
21104124,701764.44
21104125,838076.2
21104126,1005702.5
21104127,947718.3
21104128,558269.1
21104129,858246.7
21104130,1435124.5
21104131,972181.7
21104132,837439.75
21104133,1063880.5
21104134,1121645.6
21104135,707858.25
21104136,719874.56
21104137,847726.44
21104138,1236619.8
21104139,806849.1
21104140,776018.1
21104141,305531.25
21104142,625376.8
21104143,634537.7
21104144,319931.0
21104145,880709.44
21104146,576545.6
21104147,884552.6
21104148,392757.7
21104149,1719824.1
21104150,1039963.5
21104151,78822.19
21104152,321575.38
21104153,2206274.8
21104154,473511.3
21104155,515734.53
21104156,862301.56
21104157,318047.25
21104158,3244979.5
21104159,1043601.4
21104160,804296.7
21104161,928981.3
21104162,2313748.8
21104163,2321604.0
21104164,644156.8
21104165,2390310.2
21104166,1432751.4
21104167,374086.44
21104168,1324153.5
21104169,213629.9
21104170,1640418.6
21104171,394474.22
21104172,583290.0
21104173,315165.16
21104174,417064.12
21104175,123232.46
21104176,468745.06
21104177,680573.1
21104178,820240.9
21104179,914913.8
21104180,1991129.5
21104181,1008098.0
21104182,158300.31
21104183,951449.9
21104184,941468.4
21104185,1806809.5
21104186,256781.78
21104187,188608.67
21104188,1591633.9
21104189,261041.0
21104190,941468.4
21104191,1765514.1
21104192,1524045.5
21104193,109106.73
21104194,2255452.8
21104195,688550.94
21104196,455928.16
21104197,675878.94
21104198,1165733.2
21104199,472618.5
21104200,1153017.5
21104201,917183.56
21104202,1243895.9
21104203,485279.2
21104204,409798.62
21104205,402407.53
21104206,263961.44
21104207,126336.164
21104208,721361.7
21104209,1657849.5
21104210,1009563.6
21104211,127969.64
21104212,2536825.0
21104213,2073710.0
21104214,4299391.5
21104215,1011114.75
21104216,600617.94
21104217,1157423.5
21104218,731851.0
21104219,979873.8
21104220,485648.0
21104221,1090260.2
21104222,481814.2
21104223,1023792.2
21104224,1292868.6
21104225,661390.56
21104226,1834137.0
21104227,1310881.5
21104228,686261.06
21104229,475367.94
21104230,589517.5
21104231,3369746.5
21104232,716250.25
21104233,711232.3
21104234,657994.9
21104235,664552.2
21104236,1207253.4
21104237,788725.56
21104238,1187144.1
21104239,235370.33
21104240,279434.78
21104241,1422114.1
21104242,1910061.8
21104243,609577.75
21104244,1513946.0
21104245,664284.94
21104246,1753769.0
21104247,2839528.8
21104248,367891.06
21104249,526567.75
21104250,698785.4
21104251,254996.94
21104252,216292.42
21104253,943518.2
21104254,2156197.2
21104255,1278457.8
21104256,267152.5
21104257,123698.18
21104258,1081672.1
21104259,3227390.2
21104260,1515950.2
21104261,1097512.8
21104262,1047955.7
21104263,614107.94
21104264,356543.7
21104265,573141.9
21104266,3329615.8
21104267,154809.97
21104268,362555.38
21104269,2245899.0
21104270,299715.53
21104271,950047.8
21104272,216582.17
21104273,441818.75
21104274,1989309.8
21104275,1799806.9
21104276,908398.1
21104277,941468.4
21104278,376133.2
21104279,1815303.9
21104280,638072.9
21104281,1488038.9
21104282,2179362.0
21104283,238306.72
21104284,1065036.6
21104285,2052843.4
21104286,2248163.2
21104287,822089.5
21104288,764835.5
21104289,331076.28
21104290,587702.5
21104291,653161.25
21104292,2765206.5
21104293,1598166.8
21104294,337750.28
21104295,295615.34
21104296,2273937.5
21104297,4107524.5
21104298,1913816.0
21104299,712888.6
21104300,736979.5
21104301,4188095.2
21104302,377184.03
21104303,857559.5
21104304,220403.53
21104305,1926811.5
21104306,750541.25
21104307,934777.7
21104308,870937.56
21104309,1922244.5
21104310,1150465.6
21104311,1574313.5
21104312,198446.52
21104313,397970.56
21104314,562969.25
21104315,2361429.0
21104316,603115.7
21104317,1024066.75
21104318,206186.45
21104319,5601712.0
21104320,220596.67
21104321,347652.78
21104322,536988.7
21104323,1092652.0
21104324,1734962.0
21104325,336271.6
21104326,683143.3
21104327,458498.94
21104328,1302642.8
21104329,782462.56
21104330,421912.44
21104331,1101707.6
21104332,1794776.1
21104333,917472.94
21104334,1732897.8
21104335,334962.6
21104336,2179724.8
21104337,399989.22
21104338,907297.7
21104339,805790.56
21104340,1177120.0
21104341,840091.94
21104342,646637.2
21104343,564503.44
21104344,1643655.9
21104345,473987.9
21104346,1376669.0
21104347,938234.0
21104348,1254024.9
21104349,2914575.0
21104350,2021842.0
21104351,1854717.1
21104352,1990404.6
21104353,1117839.8
21104354,2206724.8
21104355,848700.44
21104356,1079190.1
21104357,1462376.2
21104358,214117.06
21104359,1198773.1
21104360,369008.06
21104361,1983787.4
21104362,218540.0
21104363,2918810.2
21104364,357351.2
21104365,486103.47
21104366,426709.6
21104367,1042189.06
21104368,451212.84
21104369,627668.6
21104370,1217239.0
21104371,2216573.5
21104372,979413.94
21104373,1146238.2
21104374,667317.0
21104375,1447258.0
21104376,1946079.6
21104377,1325150.1
21104378,2608260.0
21104379,479437.03
21104380,425093.47
21104381,1174531.8
21104382,783343.94
21104383,622735.9
21104384,1662286.4
21104385,1157087.0
21104386,1760901.2
21104387,913505.0
21104388,1232161.8
21104389,2087207.2
21104390,156679.14
21104391,2520460.5
21104392,2769378.8
21104393,986248.2
21104394,364817.03
21104395,2083466.0
21104396,1880929.8
21104397,2865571.5
21104398,645492.6
21104399,705874.2
21104400,709299.8
21104401,1903512.0
21104402,264783.72
21104403,2097385.5
21104404,948221.4
21104405,1102009.4
21104406,2064835.2
21104407,1287639.8
21104408,1156160.0
21104409,658111.56
21104410,2092404.1
21104411,928931.56
21104412,912636.44
21104413,433282.8
21104414,532936.0
21104415,1687424.8
21104416,1088449.5
21104417,1297028.6
21104418,364217.72
21104419,2608829.5
21104420,98386.945
21104421,826630.75
21104422,1324153.5
21104423,812629.5
21104424,745475.6
21104425,78998.76
21104426,853443.06
21104427,1306742.5
21104428,1257207.5
21104429,1636669.6
21104430,3079676.8
21104431,258266.1
21104432,232970.8
21104433,959796.94
21104434,349313.6
21104435,2265873.2
21104436,560535.56
21104437,4692814.5
21104438,723958.6
21104439,927701.1
21104440,2369645.2
21104441,1035225.56
21104442,784552.44
21104443,664139.4
21104444,448856.88
21104445,702013.25
21104446,458174.53
21104447,879822.9
21104448,1034968.8
21104449,1775006.5
21104450,1500653.2
21104451,2686599.2
21104452,1330128.1
21104453,765401.8
21104454,606131.94
21104455,1302972.4
21104456,1923361.0
21104457,976404.75
21104458,714478.3
21104459,223226.47
21104460,1437387.0
21104461,462543.9
21104462,4399951.5
21104463,1632864.0
21104464,3463271.8
21104465,2929225.5
21104466,184490.08
21104467,300536.2
21104468,608620.2
21104469,446415.34
21104470,587702.5
21104471,551071.1
21104472,654763.3
21104473,1496927.8
21104474,460571.16
21104475,249071.61
21104476,1657788.6
21104477,2936719.5
21104478,635799.94
21104479,658736.9
21104480,131177.4
21104481,1128104.4
21104482,292153.16
21104483,892005.5
21104484,673784.5
21104485,567881.7
21104486,389259.62
21104487,1351885.4
21104488,297019.5
21104489,1593993.1
21104490,564503.44
21104491,2028155.8
21104492,420869.6
21104493,1880521.1
21104494,1805553.8
21104495,759501.44
21104496,316493.4
21104497,1594052.1
21104498,295688.5
21104499,1970015.1
21104500,1685379.6
21104501,571258.2
21104502,780816.94
21104503,243841.94
21104504,354174.03
21104505,640046.75
21104506,1642679.2
21104507,1148964.9
21104508,124096.66
21104509,1569338.1
21104510,1591385.2
21104511,835170.06
21104512,593942.56
21104513,198918.08
21104514,647752.94
21104515,899655.6
21104516,287478.66
21104517,814565.25
21104518,2685029.2
21104519,2422786.2
21104520,198061.53
21104521,757111.2
21104522,1476388.9
21104523,744835.94
21104524,596140.9
21104525,1547517.2
21104526,649979.5
21104527,852026.25
21104528,543621.44
21104529,460262.25
21104530,637992.44
21104531,210834.38
21104532,2554461.8
21104533,995307.7
21104534,359361.0
21104535,800310.7
21104536,1308618.2
21104537,1196329.1
21104538,857320.8
21104539,2216375.8
21104540,312480.78
21104541,1246237.2
21104542,197705.36
21104543,702057.06
21104544,1272562.8
21104545,304872.16
21104546,815400.5
21104547,1181592.4
21104548,377830.8
21104549,1047955.7
21104550,392271.28
21104551,808830.7
21104552,680038.8
21104553,635770.4
21104554,1300647.8
21104555,683143.3
21104556,651213.56
21104557,2540600.8
21104558,1035608.5
21104559,1001452.2
21104560,615918.7
21104561,1840399.5
21104562,506980.72
21104563,77998.73
21104564,948025.94
21104565,2686599.2
21104566,803119.2
21104567,1664190.8
21104568,1188551.2
21104569,652176.6
21104570,2829664.0
21104571,535680.94
21104572,2188790.5
21104573,963041.6
21104574,1417133.8
21104575,3220287.8
21104576,2569788.8
21104577,1755873.5
21104578,856432.2
21104579,1601330.1
21104580,2316139.0
21104581,1660499.8
21104582,1458285.1
21104583,1846276.6
21104584,351977.66
21104585,250231.58
21104586,256423.83
21104587,1544476.5
21104588,1519718.5
21104589,1175065.9
21104590,2528374.8
21104591,743623.5
21104592,1513509.0
21104593,1833183.1
21104594,2808283.8
21104595,1511205.6
21104596,216817.77
21104597,648103.3
21104598,330729.2
21104599,205736.72
21104600,689856.0
21104601,247680.5
21104602,2277397.5
21104603,193942.77
21104604,972861.4
21104605,2008244.6
21104606,1878932.9
21104607,781315.94
21104608,668186.5
21104609,2217492.0
21104610,918697.0
21104611,316939.8
21104612,690012.1
21104613,1614381.9
21104614,905783.7
21104615,2039859.4
21104616,247469.53
21104617,794144.7
21104618,5058435.5
21104619,343061.2
21104620,810287.44
21104621,1389210.1
21104622,635339.7
21104623,915243.6
21104624,429591.12
21104625,1080804.0
21104626,239595.34
21104627,587702.5
21104628,2329123.0
21104629,379066.88
21104630,879573.3
21104631,663996.25
21104632,283535.47
21104633,3021345.8
21104634,500968.12
21104635,551942.3
21104636,2498871.0
21104637,266659.2
21104638,973616.8
21104639,388441.03
21104640,413278.2
21104641,2685465.0
21104642,1365746.1
21104643,1435124.5
21104644,261346.89
21104645,961377.3
21104646,568688.06
21104647,1866569.0
21104648,853143.4
21104649,2366591.0
21104650,944448.44
21104651,1596392.9
21104652,1051359.0
21104653,131222.75
21104654,2025447.2
21104655,1876450.5
21104656,1673714.4
21104657,1361626.0
21104658,1412585.2
21104659,1003392.06
21104660,1074172.8
21104661,210157.22
21104662,465544.3
21104663,371044.25
21104664,1367771.6
21104665,868972.8
21104666,2000293.0
21104667,433843.7
21104668,180658.72
21104669,648180.5
21104670,399844.3
21104671,2639029.2
21104672,757301.7
21104673,741501.8
21104674,2072545.2
21104675,2993484.0
21104676,392376.34
21104677,793722.2
21104678,124517.625
21104679,1058813.0
21104680,1398376.4
21104681,1376064.6
21104682,1363091.6
21104683,771927.44
21104684,427115.78
21104685,2685465.0
21104686,363073.03
21104687,981468.3
21104688,2278696.0
21104689,322823.7
21104690,184988.33
21104691,1676060.4
21104692,2021934.5
21104693,1105491.2
21104694,674603.6
21104695,1102508.0
21104696,3360743.5
21104697,1028665.44
21104698,955359.3
21104699,1720659.5
21104700,1340507.8
21104701,411486.3
21104702,362645.28
21104703,3292141.2
21104704,933453.8
21104705,1324153.5
21104706,873264.3
21104707,2949047.8
21104708,634614.06
21104709,1981007.1
21104710,314413.88
21104711,983005.5
21104712,443263.94
21104713,332776.06
21104714,980884.94
21104715,639152.25
21104716,2156123.5
21104717,294990.56
21104718,1464269.2
21104719,378428.12
21104720,890291.1
21104721,3362844.0
21104722,711571.25
21104723,576723.06
21104724,604053.5
21104725,1411275.5
21104726,177833.5
21104727,2545417.5
21104728,1642686.6
21104729,482896.47
21104730,1174531.8
21104731,1249139.8
21104732,618271.4
21104733,2376419.8
21104734,800059.5
21104735,661390.56
21104736,1610262.4
21104737,2256843.0
21104738,724515.44
21104739,1183401.6
21104740,357914.06
21104741,211147.42
21104742,386938.5
21104743,868431.94
21104744,627845.3
21104745,1332300.9
21104746,874872.3
21104747,4358655.5
21104748,1093416.8
21104749,643330.2
21104750,571000.06
21104751,778097.1
21104752,3002424.0
21104753,255256.67
21104754,1933756.9
21104755,331973.03
21104756,1591633.9
21104757,1237321.9
21104758,698632.1
21104759,232784.23
21104760,840387.94
21104761,1364408.8
21104762,736991.44
21104763,2052572.4
21104764,2395006.2
21104765,1326706.6
21104766,427856.34
21104767,1995008.1
21104768,327137.53
21104769,1323548.4
21104770,913913.06
21104771,2831742.2
21104772,2142314.2
21104773,858288.94
21104774,1406787.9
21104775,1044339.25
21104776,960395.8
21104777,624410.5
21104778,1075797.5
21104779,1148277.6
21104780,1080180.4
21104781,4474769.5
21104782,1424281.1
21104783,5104743.5
21104784,4128367.8
21104785,786961.44
21104786,1238294.9
21104787,1420462.1
21104788,950903.44
21104789,2523046.5
21104790,909612.56
21104791,228854.64
21104792,978950.9
21104793,1539298.0
21104794,1657788.6
21104795,4770099.0
21104796,5123535.0
21104797,1124049.1
21104798,129528.38
21104799,371191.3
21104800,817492.7
21104801,519208.47
21104802,708049.56
21104803,861800.75
21104804,1309564.1
21104805,1365937.9
21104806,86504.17
21104807,242340.05
21104808,1407578.5
21104809,1122696.1
21104810,770849.4
21104811,908398.1
21104812,2604391.2
21104813,802159.7
21104814,663437.06
21104815,537198.75
21104816,1360385.6
21104817,687062.8
21104818,790666.0
21104819,312346.03
21104820,564653.0
21104821,359964.47
21104822,604538.2
21104823,1638541.6
21104824,588432.25
21104825,330274.53
21104826,271259.9
21104827,3570585.5
21104828,3119142.5
21104829,765186.25
21104830,877371.0
21104831,380144.84
21104832,1060325.0
21104833,1083343.8
21104834,492790.97
21104835,1382507.1
21104836,530692.8
21104837,3695718.8
21104838,3169771.5
21104839,410306.8
21104840,1644644.4
21104841,2128679.5
21104842,1418130.9
21104843,1166720.5
21104844,1279297.0
21104845,2291715.8
21104846,2146573.8
21104847,521368.1
21104848,853535.6
21104849,2088870.4
21104850,583763.25
21104851,471807.25
21104852,334103.7
21104853,1299012.1
21104854,882594.7
21104855,2454846.2
21104856,1355280.0
21104857,946676.56
21104858,229824.08
21104859,156256.69
21104860,1019979.2
21104861,862301.56
21104862,1549150.2
21104863,1655240.1
21104864,637035.94
21104865,3912190.0
21104866,2196345.2
21104867,706981.75
21104868,1436492.9
21104869,763013.4
21104870,132937.12
21104871,817379.2
21104872,1686480.4
21104873,188296.45
21104874,683830.5
21104875,347548.28
21104876,907174.94
21104877,892197.7
21104878,1691109.2
21104879,1246415.4
21104880,442416.5
21104881,1762193.4
21104882,594647.5
21104883,429404.56
21104884,3485755.5
21104885,501689.5
21104886,587702.5
21104887,343132.56
21104888,636738.8
21104889,627037.9
21104890,647932.75
21104891,1668889.0
21104892,590319.56
21104893,1037206.4
21104894,690863.94
21104895,802986.3
21104896,975164.3
21104897,400428.34
21104898,797561.0
21104899,2199018.8
21104900,596797.4
21104901,1101067.1
21104902,158917.83
21104903,895101.5
21104904,612088.9
21104905,601799.56
21104906,841126.5
21104907,2761898.5
21104908,951449.9
21104909,2607098.0
21104910,2686599.2
21104911,647207.94
21104912,1722758.0
21104913,1752969.6
21104914,1968649.8
21104915,885303.7
21104916,561365.56
21104917,1647683.6
21104918,321474.3
21104919,652342.0
21104920,561167.06
21104921,931776.06
21104922,2957963.2
21104923,669282.94
21104924,941468.4
21104925,992729.06
21104926,1418350.0
21104927,632296.8
21104928,858141.3
21104929,555408.2
21104930,1943681.5
21104931,1006279.7
21104932,1127076.5
21104933,406044.06
21104934,691843.56
21104935,1309841.4
21104936,350721.2
21104937,278632.78
21104938,642936.5
21104939,2937852.2
21104940,1313125.9
21104941,1896158.8
21104942,1140930.6
21104943,709677.94
21104944,110648.31
21104945,403476.66
21104946,1754143.5
21104947,1546729.1
21104948,973008.3
21104949,646373.94
21104950,946399.4
21104951,551071.1
21104952,2440403.0
21104953,515520.84
21104954,2940907.5
21104955,985578.94
21104956,989348.6
21104957,855522.44
21104958,160955.12
21104959,2111528.0
21104960,973327.75
21104961,1337776.1
21104962,989986.06
21104963,1001348.6
21104964,1576674.5
21104965,1067115.9
21104966,1180380.1
21104967,110848.65
21104968,880222.7
21104969,734884.0
21104970,145445.94
21104971,2096198.1
21104972,936325.1
21104973,892619.06
21104974,405108.56
21104975,1984447.8
21104976,1547841.0
21104977,1048189.0
21104978,203741.92
21104979,2460259.5
21104980,867352.44
21104981,766264.25
21104982,551117.1
21104983,1172214.1
21104984,2086208.9
21104985,656589.44
21104986,2630526.0
21104987,483369.44
21104988,1020493.7
21104989,178822.86
21104990,2167726.8
21104991,108589.164
21104992,1685379.6
21104993,1243806.1
21104994,577821.0
21104995,1176781.4
21104996,1437387.0
21104997,847751.3
21104998,1591173.2
21104999,2315730.5
21105000,374429.88
21105001,2541474.5
21105002,2130877.5
21105003,833892.44
21105004,1254262.2
21105005,444227.75
21105006,883430.5
21105007,756117.5
21105008,771927.44
21105009,724515.44
21105010,387736.5
21105011,755015.3
21105012,1249139.8
21105013,312468.34
21105014,1625911.9
21105015,447269.16
21105016,1742366.0
21105017,1009968.6
21105018,382626.2
21105019,206766.33
21105020,2008807.4
21105021,2310551.0
21105022,568839.75
21105023,377715.1
21105024,2138538.0
21105025,941468.4
21105026,517859.72
21105027,348833.03
21105028,2195875.5
21105029,341483.6
21105030,628947.4
21105031,969663.5
21105032,2036756.1
21105033,897386.06
21105034,1100995.1
21105035,342787.97
21105036,1149857.6
21105037,1580613.5
21105038,257480.88
21105039,956344.1
21105040,1819484.6
21105041,954299.94
21105042,452746.3
21105043,1789105.8
21105044,2576898.8
21105045,1733787.5
21105046,1501006.9
21105047,1214008.8
21105048,564503.44
21105049,3082981.2
21105050,358610.97
21105051,1522270.4
21105052,1408901.2
21105053,1128089.6
21105054,678035.0
21105055,1043946.8
21105056,1548360.9
21105057,869944.25
21105058,1616300.9
21105059,652452.4
21105060,1730729.5
21105061,863519.2
21105062,709527.06
21105063,567915.75
21105064,383759.66
21105065,3505200.8
21105066,767524.3
21105067,683143.3
21105068,362483.84
21105069,301654.78
21105070,718929.9
21105071,1228138.6
21105072,923342.25
21105073,868686.2
21105074,614156.4
21105075,1184183.9
21105076,320962.4
21105077,1524235.2
21105078,1555459.1
21105079,156121.97
21105080,437310.0
21105081,1980297.1
21105082,638333.0
21105083,1431827.9
21105084,2544525.8
21105085,955496.56
21105086,678986.7
21105087,1102100.0
21105088,1565669.5
21105089,1685379.6
21105090,1102508.0
21105091,3769175.8
21105092,393370.9
21105093,1001714.0
21105094,767524.3
21105095,1862488.4
21105096,1980297.1
21105097,1923361.0
21105098,1324074.6
21105099,706818.2
21105100,909667.94
21105101,216351.83
21105102,1428405.9
21105103,792396.9
21105104,857597.6
21105105,490229.16
21105106,284461.84
21105107,666925.9
21105108,841846.4
21105109,1070193.1
21105110,736710.3
21105111,486853.62
21105112,355159.4
21105113,2119736.5
21105114,184093.02
21105115,264927.16
21105116,799756.9
21105117,1570756.1
21105118,660771.1
21105119,950856.44
21105120,1098944.9
21105121,2207341.8
21105122,1549636.8
21105123,2147364.5
21105124,684262.1
21105125,317238.16
21105126,819316.75
21105127,743901.56
21105128,1901094.2
21105129,1923361.0
21105130,1025385.6
21105131,681843.94
21105132,813473.7
21105133,289133.44
21105134,789419.0
21105135,927656.0
21105136,688851.44
21105137,1964942.0
21105138,637951.44
21105139,1409341.6
21105140,1921668.6
21105141,1109560.9
21105142,841063.3
21105143,869299.94
21105144,1084706.0
21105145,1482658.5
21105146,695064.75
21105147,4959717.0
21105148,350262.88
21105149,2700858.0
21105150,539526.75
21105151,3249533.0
21105152,1238232.2
21105153,285040.62
21105154,2514182.8
21105155,1220326.0
21105156,2276411.2
21105157,2093046.8
21105158,1400414.5
21105159,833980.6
21105160,419348.3
21105161,595383.3
21105162,1287783.4
21105163,194430.67
21105164,631726.56
21105165,845445.8
21105166,2620592.0
21105167,1518500.5
21105168,937622.44
21105169,240354.02
21105170,1531734.5
21105171,490301.72
21105172,1235146.0
21105173,1725312.9
21105174,2250947.2
21105175,1164120.8
21105176,2172181.8
21105177,812941.9
21105178,1256058.6
21105179,667264.4
21105180,1284448.2
21105181,639152.25
21105182,1622171.4
21105183,280949.28
21105184,242769.27
21105185,1659340.9
21105186,4768458.5
21105187,275463.72
21105188,2006333.4
21105189,773363.25
21105190,679065.44
21105191,404802.28
21105192,1224105.8
21105193,683134.44
21105194,736041.9
21105195,585191.0
21105196,1777763.4
21105197,351602.47
21105198,262210.72
21105199,1979942.2
21105200,567194.5
21105201,706689.75
21105202,933345.1
21105203,456221.94
21105204,702663.56
21105205,217064.98
21105206,1612436.0
21105207,1174984.8
21105208,1003159.94
21105209,356011.78
21105210,969420.3
21105211,939781.6
21105212,1215174.9
21105213,1685379.6
21105214,235577.56
21105215,1277547.2
21105216,445301.6
21105217,2762808.2
21105218,653161.25
21105219,532886.75
21105220,160080.2
21105221,1328676.9
21105222,581963.75
21105223,2281523.2
21105224,433783.94
21105225,728281.94
21105226,2630771.2
21105227,323677.34
21105228,517773.88
21105229,2098523.0
21105230,1013140.8
21105231,948148.0
21105232,221996.39
21105233,811359.7
21105234,788201.75
21105235,511708.88
21105236,819663.9
21105237,1895655.0
21105238,1737965.9
21105239,511646.56
21105240,907044.5
21105241,654763.3
21105242,2125291.0
21105243,2062303.9
21105244,511279.75
21105245,1115541.1
21105246,616472.7
21105247,1522482.9
21105248,321022.56
21105249,3495213.0
21105250,724515.44
21105251,752188.9
21105252,372940.3
21105253,1090241.2
21105254,3774136.2
21105255,1088449.5
21105256,472525.75
21105257,646637.2
21105258,912860.4
21105259,1044135.94
21105260,558012.5
21105261,2604483.5
21105262,714076.8
21105263,1356406.5
21105264,1516962.9
21105265,683143.3
21105266,2588423.8
21105267,891300.56
21105268,3215450.2
21105269,1001746.5
21105270,2088352.8
21105271,463816.44
21105272,317769.06
21105273,124196.37
21105274,794059.8
21105275,587702.5
21105276,1161754.2
21105277,411972.16
21105278,1675300.1
21105279,956723.25
21105280,806594.56
21105281,775962.25
21105282,1084706.0
21105283,1073594.9
21105284,3437522.8
21105285,806473.75
21105286,1261384.0
21105287,1077872.6
21105288,2245977.2
21105289,1317575.6
21105290,709241.1
21105291,520326.75
21105292,326965.06
21105293,2188734.5
21105294,182902.69
21105295,1027789.5
21105296,218520.94
21105297,417900.12
21105298,1753769.0
21105299,405616.44
21105300,2009216.2
21105301,603408.94
21105302,1219658.4
21105303,2120824.8
21105304,1018259.8
21105305,436255.06
21105306,2808296.2
21105307,1045137.9
21105308,379095.62
21105309,1483894.9
21105310,1727181.2
21105311,1316291.2
21105312,635485.8
21105313,1301302.1
21105314,609809.4
21105315,958648.44
21105316,1457598.5
21105317,340788.8
21105318,1894611.2
21105319,742144.3
21105320,1258537.6
21105321,343654.16
21105322,610742.5
21105323,1318764.4
21105324,1518102.1
21105325,837740.75
21105326,390852.78
21105327,1467673.5
21105328,1359979.2
21105329,653161.25
21105330,1256514.4
21105331,2447645.0
21105332,4077761.5
21105333,1145080.2
21105334,960395.8
21105335,1685379.6
21105336,482224.16
21105337,1847983.2
21105338,489280.7
21105339,1236690.4
21105340,170399.69
21105341,1711904.1
21105342,524171.8
21105343,2233853.5
21105344,683830.5
21105345,3937905.8
21105346,338212.03
21105347,2147765.5
21105348,811359.7
21105349,1042303.44
21105350,255527.42
21105351,792886.6
21105352,587702.5
21105353,900292.0
21105354,1099571.6
21105355,1046658.25
21105356,2980381.5
21105357,162134.61
21105358,1169887.8
21105359,1543150.0
21105360,2189481.2
21105361,1660208.4
21105362,236789.48
21105363,227018.8
21105364,608047.3
21105365,312346.03
21105366,1866933.8
21105367,1256514.4
21105368,1683608.4
21105369,1138369.9
21105370,1640918.8
21105371,1623195.0
21105372,2738842.2
21105373,390086.8
21105374,250042.44
21105375,384430.0
21105376,1405177.8
21105377,1600311.4
21105378,1657788.6
21105379,2816492.8
21105380,323686.03
21105381,323261.94
21105382,1669962.0
21105383,545437.44
21105384,3250436.5
21105385,1997141.6
21105386,1671938.9
21105387,1127007.4
21105388,306293.66
21105389,1061892.8
21105390,1545710.6
21105391,460284.2
21105392,2063785.8
21105393,3308483.0
21105394,1245989.2
21105395,2283877.5
21105396,2613364.5
21105397,1046625.75
21105398,613788.94
21105399,238230.45
21105400,2535270.8
21105401,632202.1
21105402,953984.44
21105403,360549.2
21105404,459700.2
21105405,692987.06
21105406,256224.69
21105407,1029225.56
21105408,1076870.8
21105409,3050748.8
21105410,601037.3
21105411,2529549.8
21105412,154044.72
21105413,2210389.8
21105414,1010028.7
21105415,246899.62
21105416,776794.2
21105417,4223970.0
21105418,1120135.9
21105419,916593.5
21105420,1551291.5
21105421,1435124.5
21105422,1206051.5
21105423,706981.75
21105424,1119669.0
21105425,86595.85
21105426,786147.8
21105427,641769.44
21105428,960815.8
21105429,1410593.2
21105430,231609.19
21105431,1404856.4
21105432,840931.44
21105433,677907.2
21105434,750146.1
21105435,2589157.5
21105436,1038095.5
21105437,1789105.8
21105438,1473985.2
21105439,970122.44
21105440,99175.055
21105441,422314.25
21105442,197408.36
21105443,813432.4
21105444,683143.3
21105445,245184.69
21105446,181965.22
21105447,242604.48
21105448,730320.4
21105449,941468.4
21105450,786891.6
21105451,1073398.2
21105452,591910.0
21105453,430687.28
21105454,417423.2
21105455,1551823.5
21105456,787125.4
21105457,282016.22
21105458,274520.03
21105459,1554985.5
21105460,318813.47
21105461,1345695.1
21105462,386356.34
21105463,1187303.1
21105464,996586.06
21105465,122829.664
21105466,810224.9
21105467,1754982.1
21105468,4823248.0
21105469,270380.53
21105470,2640059.5
21105471,350548.34
21105472,77098.516
21105473,1019979.2
21105474,695526.7
21105475,690210.7
21105476,393840.72
21105477,1479082.0
21105478,963953.4
21105479,1768152.4
21105480,958126.7
21105481,2124847.5
21105482,538293.6
21105483,533555.44
21105484,703952.25
21105485,706981.75
21105486,420166.28
21105487,255176.3
21105488,628938.6
21105489,913435.44
21105490,732943.2
21105491,1437529.8
21105492,3126758.2
21105493,665322.25
21105494,1849339.0
21105495,374580.53
21105496,1048606.5
21105497,832137.44
21105498,346021.44
21105499,599845.7
21105500,442102.25
21105501,1403970.9
21105502,822861.8
21105503,1395600.8
21105504,158757.69
21105505,254725.67
21105506,365129.25
21105507,1113430.6
21105508,698752.3
21105509,941468.4
21105510,389592.2
21105511,361305.84
21105512,1696246.9
21105513,2355581.8
21105514,939100.75
21105515,1209006.4
21105516,921866.0
21105517,649817.8
21105518,784871.75
21105519,618214.3
21105520,445536.75
21105521,971664.44
21105522,1309527.1
21105523,1553804.8
21105524,277046.53
21105525,1294378.1
21105526,2068361.9
21105527,1112038.0
21105528,544147.94
21105529,924377.94
21105530,708049.56
21105531,984533.7
21105532,552156.0
21105533,428526.16
21105534,1634741.9
21105535,1161067.9
21105536,1474599.1
21105537,984326.44
21105538,549460.4
21105539,1635926.2
21105540,1417055.9
21105541,3304951.5
21105542,1670967.6
21105543,955033.7
21105544,493377.72
21105545,757366.9
21105546,888563.25
21105547,2172485.8
21105548,1120135.9
21105549,851946.44
21105550,1187303.1
21105551,3319270.8
21105552,1595705.0
21105553,628303.7
21105554,420778.72
21105555,964560.75
21105556,992729.06
21105557,564503.44
21105558,580386.44
21105559,274113.84
21105560,813840.5
21105561,183859.14
21105562,691434.1
21105563,1032444.06
21105564,3144956.5
21105565,1309527.1
21105566,801407.44
21105567,795039.8
21105568,1118025.4
21105569,1950608.9
21105570,896520.44
21105571,1006506.1
21105572,478635.4
21105573,1685379.6
21105574,1752985.2
21105575,162697.31
21105576,400801.78
21105577,2254924.5
21105578,241545.31
21105579,1433183.8
21105580,297494.12
21105581,292179.66
21105582,389615.94
21105583,123907.46
21105584,2251486.5
21105585,1676917.4
21105586,2158392.2
21105587,289158.47
21105588,967828.44
21105589,1125533.0
21105590,1275678.2
21105591,1061488.1
21105592,1849425.6
21105593,760454.56
21105594,1342872.9
21105595,504459.06
21105596,465291.28
21105597,1449928.0
21105598,2154501.2
21105599,1329167.4
21105600,1103451.9
21105601,1190395.2
21105602,875365.9
21105603,677859.0
21105604,1666605.5
21105605,524826.4
21105606,2275169.2
21105607,122268.71
21105608,949149.2
21105609,2822143.0
21105610,1971526.0
21105611,749813.44
21105612,309092.53
21105613,338212.03
21105614,1111303.4
21105615,561435.0
